debt_paid,debt_type,debtor_gender,debtor_age,co_debtors,dependents,debt_amount,payment_method,debt_class,debtor_type,is_adult_male,payment_stage,payment_location,debt_status,is_solo_debtor
0,2,female,63.36597848179373,1,3,86767.71353500061,S,Third,man,True,B,Southampton,no,False
1,2,male,50.08665564843879,3,2,16872.812414021846,S,Second,man,True,A,Queenstown,yes,True
1,3,male,77.39693792770939,3,1,80236.58166653701,C,Third,woman,False,A,Cherbourg,yes,True
0,3,female,67.61200649163541,3,2,76979.84648100547,S,First,woman,True,A,Cherbourg,no,True
0,2,male,46.86775977581193,2,3,63155.19848422629,C,Second,woman,True,B,Cherbourg,yes,False
1,3,male,48.167466210051344,3,1,31109.850223594825,Q,First,man,False,A,Queenstown,yes,True
1,1,male,46.13399574732085,3,4,37399.890922609455,S,First,man,False,C,Cherbourg,no,True
0,1,male,52.06936137711016,0,4,98664.81938513387,Q,First,woman,False,D,Southampton,no,False
0,1,female,47.259055500416224,2,3,53881.81259364398,S,First,man,True,A,Southampton,yes,True
0,3,female,79.19018543857419,2,4,20258.39248098077,S,Third,woman,False,C,Southampton,no,False
0,2,male,49.338800692688636,4,4,90738.7762734862,S,Second,woman,True,A,Cherbourg,no,False
1,3,female,51.441346230836686,3,5,99449.61142518868,Q,Second,man,False,A,Queenstown,no,False
1,2,female,24.057558543403104,3,5,27538.027548082267,S,Third,woman,True,A,Southampton,yes,True
1,1,male,18.89292642917492,3,1,42789.96877009238,C,Third,woman,False,B,Cherbourg,yes,True
1,1,male,46.21668561305654,0,4,92603.80957503166,Q,Second,woman,False,A,Cherbourg,no,False
0,1,female,72.16122029480385,0,2,20816.134229573363,C,Second,woman,False,A,Queenstown,no,True
1,1,male,79.17095908350257,2,4,99698.33771239936,Q,Second,woman,True,B,Southampton,yes,True
1,3,male,34.69278749211539,0,5,31272.657068561533,C,First,woman,True,B,Southampton,no,True
1,3,female,48.88749238836235,3,4,9801.857848590194,Q,Third,woman,False,B,Queenstown,no,True
1,2,male,78.092044414159,0,4,11566.739965750918,S,Third,woman,False,A,Queenstown,no,True
1,1,female,52.279162775503224,4,3,47464.245269062834,Q,Third,woman,True,D,Cherbourg,no,False
1,1,male,20.470280285400047,2,5,49100.117251416574,S,First,man,False,A,Cherbourg,yes,True
0,3,female,29.337934528963032,3,5,72177.75057297065,S,Second,man,False,A,Queenstown,yes,True
1,1,female,20.869939257633604,0,0,14427.974277930192,S,Third,man,False,D,Southampton,no,False
1,2,male,74.3132616852661,3,4,4625.977547605336,C,Third,man,False,D,Queenstown,no,True
1,2,female,38.566854153976394,2,3,72045.53084113644,C,Third,woman,False,C,Southampton,no,True
1,1,female,27.017219251348866,0,1,54590.5612062676,S,Third,man,True,B,Queenstown,yes,True
0,3,male,38.3589518993105,2,5,51261.56552317587,S,First,man,False,B,Southampton,yes,True
1,3,male,69.86571837308523,0,4,87071.26241127333,C,First,woman,True,A,Cherbourg,no,False
1,1,male,28.682830688933464,1,3,70547.43405536663,C,First,man,True,C,Southampton,no,False
0,1,female,38.0024507411333,3,5,60804.245129055205,Q,Third,woman,True,C,Cherbourg,yes,True
1,3,male,52.71787552588436,2,5,24784.503082218172,Q,Second,man,True,A,Southampton,yes,True
0,2,male,18.896012124515178,1,1,77739.73804874108,S,Second,woman,False,A,Cherbourg,no,False
1,1,female,30.79587308450765,1,1,37645.61402971841,S,Third,woman,False,D,Cherbourg,yes,True
1,2,male,43.93359435054445,2,1,49446.69170088964,Q,Second,man,True,B,Queenstown,no,False
1,1,female,33.245665568019646,4,0,82991.53525794484,Q,Third,man,False,A,Cherbourg,yes,True
0,1,female,34.64586646692402,1,4,34011.573012303576,C,Second,man,True,A,Cherbourg,no,False
0,3,female,52.48161884754476,1,0,67158.49168597236,Q,Second,man,False,B,Cherbourg,yes,False
0,1,male,27.32879710592178,3,3,91180.17889040873,C,First,man,False,A,Queenstown,no,True
1,1,female,67.80556666418806,4,5,56338.66261033096,Q,Third,woman,False,C,Queenstown,no,True
1,3,male,45.0415696331403,0,3,34895.70101452064,C,First,woman,False,A,Queenstown,no,True
0,1,male,24.310570371820248,3,4,49737.80302370429,S,Third,woman,False,A,Queenstown,no,False
0,2,male,44.02024831626291,4,4,16127.011937530066,S,First,woman,True,A,Queenstown,yes,True
0,2,male,73.73233417449863,0,1,16049.095690946813,S,Third,man,False,B,Cherbourg,no,True
0,2,male,57.22326388377974,3,0,13986.448644302678,C,First,man,True,B,Cherbourg,yes,False
0,1,male,28.365382923529495,3,1,43950.58415331789,S,Third,man,False,D,Southampton,no,True
1,2,female,18.69505028105567,0,0,53210.537137248684,Q,Second,man,True,A,Southampton,yes,False
1,1,male,48.82713443407417,1,3,71132.18830709254,S,First,woman,True,D,Queenstown,no,False
1,3,male,69.41427872307176,0,5,98514.94518090072,S,Third,man,True,C,Cherbourg,no,True
0,3,male,56.07825426835485,2,1,99051.15592500678,C,Third,man,True,A,Cherbourg,no,False
1,1,male,69.15896217505775,1,5,86171.54777207736,C,Second,man,True,B,Queenstown,yes,False
0,2,female,65.41074426826845,0,4,92221.3550844163,Q,First,man,True,A,Queenstown,no,False
1,3,male,46.82079869850146,0,2,23934.042628952255,C,Third,man,False,D,Queenstown,yes,True
0,2,male,30.38531600890108,3,4,70317.1535577025,C,First,man,True,C,Cherbourg,yes,False
0,1,male,55.58824588077206,4,3,59128.15274936447,S,Third,man,False,D,Queenstown,yes,True
0,1,male,62.353071335302914,4,2,30208.474550862124,S,First,man,True,D,Southampton,no,False
0,2,female,59.35841909441043,0,1,78555.45413619763,C,First,woman,False,B,Cherbourg,no,True
0,3,female,61.98330710798314,0,5,22524.81748829127,Q,Second,man,False,C,Cherbourg,no,True
1,3,male,30.053469647231907,2,5,55588.88844898706,S,Second,woman,True,B,Queenstown,no,False
0,3,female,44.47391210897705,4,0,28368.35530235278,C,Second,woman,False,B,Cherbourg,yes,True
0,1,male,77.04863643570607,4,4,19464.235776269255,C,Second,man,False,D,Cherbourg,yes,False
0,2,male,30.914314591842533,1,3,12306.977623372608,C,Third,man,True,A,Queenstown,no,False
1,2,male,76.4363295537116,1,1,72077.5055840511,C,First,woman,True,D,Cherbourg,no,False
1,1,female,36.251812956808195,1,4,79991.68369422013,Q,Third,woman,False,B,Cherbourg,yes,False
1,3,male,60.59721448571133,1,4,82056.15201015223,Q,Third,man,True,B,Southampton,no,False
0,3,female,37.562083260990335,1,2,40848.25890650965,S,First,woman,True,B,Southampton,yes,True
1,3,male,51.50754168140332,2,3,78379.21378879389,S,Second,man,False,A,Cherbourg,no,True
1,3,female,77.83839146105797,1,5,2056.0531714324006,C,Third,man,True,A,Cherbourg,no,False
0,2,male,39.42771987820568,1,0,74922.50845855064,Q,Second,woman,False,B,Cherbourg,no,False
0,3,male,65.11287307753754,0,5,43079.85285110643,Q,Second,woman,True,D,Cherbourg,no,False
1,3,male,40.43613950245643,4,3,69722.93103086312,S,Third,woman,False,D,Southampton,yes,False
0,3,female,47.9877538507362,0,3,20426.92842729058,C,Third,man,True,A,Southampton,no,False
0,1,male,63.884306169773005,0,0,73042.9065022566,C,Third,man,False,A,Southampton,yes,False
0,3,female,60.59633608672153,3,5,99064.84017870472,C,Third,man,True,A,Southampton,yes,False
1,3,male,63.382801686323795,3,5,7113.747107752414,S,First,man,True,A,Cherbourg,yes,True
1,1,male,26.00976187784058,2,0,48222.911719150805,Q,First,woman,True,C,Southampton,yes,False
1,1,female,71.95088478298553,1,3,79010.94760579552,S,Third,man,True,D,Queenstown,yes,False
0,2,female,32.7909995207133,2,3,59488.451948546106,C,First,man,True,C,Queenstown,yes,True
0,2,male,68.8457765926009,3,5,60681.04375852663,S,Third,woman,False,B,Southampton,yes,False
0,1,female,77.9543682191055,3,5,4402.581563293494,S,Second,man,False,C,Southampton,no,False
1,3,male,37.68066265062568,3,5,49092.774708926765,C,Second,man,False,D,Queenstown,yes,True
1,3,female,59.01599571399395,1,2,93016.76933803428,S,Second,woman,False,D,Queenstown,yes,True
1,2,male,64.987976460882,0,0,93509.56205444789,S,Second,man,False,C,Southampton,yes,False
1,2,female,34.02044024079987,1,3,96566.38215089815,Q,Second,woman,False,C,Queenstown,yes,False
1,1,female,77.50935234651872,0,2,88617.93726309823,S,First,woman,True,B,Southampton,no,True
1,2,female,31.810520889444717,3,1,99354.68699934869,S,First,woman,True,C,Cherbourg,yes,True
0,3,female,78.92216347772221,1,3,96544.13413331326,S,First,man,True,C,Queenstown,yes,False
0,2,male,27.74401100444847,2,3,54301.57391784171,S,Third,man,False,A,Queenstown,yes,False
1,3,male,20.089201461870978,3,1,55601.307412865,Q,Third,man,False,C,Cherbourg,no,False
1,1,male,19.650606044700904,3,3,26535.759883721956,Q,Third,man,True,B,Southampton,no,False
0,1,male,40.005324750599556,1,0,87345.41353872602,S,Second,woman,False,B,Southampton,yes,True
0,1,male,32.470528922327695,3,2,86639.17692953498,S,First,man,True,A,Cherbourg,no,False
0,1,male,63.11372624041796,4,3,28343.70506483568,Q,First,woman,True,B,Southampton,yes,True
0,2,male,39.35267319748395,1,1,90519.34169594005,Q,Second,woman,False,C,Southampton,yes,False
1,3,female,21.92103390652506,2,0,1198.0069769827714,Q,First,woman,True,C,Queenstown,yes,True
1,2,female,31.10118858080756,2,5,78706.50574924627,Q,First,man,True,C,Southampton,yes,False
0,3,female,71.86442866893407,0,3,62610.853881306386,C,Second,man,False,B,Cherbourg,no,True
0,3,female,67.36227917379478,4,1,8149.844111923398,C,Third,woman,False,B,Queenstown,no,False
0,2,female,64.53149639444469,2,1,38261.40272429051,C,First,man,False,D,Southampton,yes,False
0,2,female,50.97820287755022,1,5,31494.55364408409,Q,First,woman,True,D,Cherbourg,yes,True
0,3,male,35.481050726191214,3,4,87221.79374049496,S,First,woman,False,A,Queenstown,no,True
1,3,female,71.20700395350742,0,1,80151.28147450752,S,First,woman,False,A,Queenstown,yes,True
0,3,female,50.837939010809926,1,4,42181.005811912095,Q,First,man,True,D,Queenstown,yes,False
1,3,male,34.658339580609834,0,1,36795.10720112251,C,Second,man,True,B,Cherbourg,no,True
1,3,male,25.45969516299971,2,4,96453.37922273765,C,Third,man,True,C,Cherbourg,yes,False
0,3,female,18.944795788650836,4,1,49429.31201921237,S,First,woman,True,D,Southampton,yes,False
1,2,female,77.65398115363534,3,5,36584.938825469755,Q,Third,man,True,B,Cherbourg,yes,True
1,3,male,36.985025683613095,4,3,61254.779263203345,S,Third,man,False,C,Queenstown,yes,False
0,1,male,79.84193886604561,1,2,5715.3469807989095,C,First,man,True,C,Southampton,no,True
0,1,female,25.853689169919186,3,4,60524.833294491764,Q,Third,woman,True,D,Southampton,no,False
0,1,male,50.581910905932645,3,2,55787.95659093275,C,First,woman,True,D,Queenstown,yes,True
0,3,male,32.62680041072408,2,3,96257.39988305458,Q,Third,woman,True,D,Cherbourg,yes,False
1,2,male,19.835912131316388,0,0,84361.43970065059,Q,First,woman,False,A,Queenstown,yes,True
1,3,female,79.81962519507113,0,0,91566.08607721048,C,Second,woman,True,D,Queenstown,no,False
0,1,male,28.239950842149575,1,3,10521.608461269063,C,Third,man,False,B,Queenstown,no,True
0,2,female,60.41300078863972,2,4,17743.00052569424,C,Third,man,False,B,Southampton,no,True
1,3,female,71.04537261523669,1,1,14785.809543131938,C,First,man,False,C,Southampton,yes,True
1,1,female,30.932164132079862,0,5,89804.19707112445,Q,Second,woman,True,B,Southampton,no,False
0,1,female,49.07939260573998,1,1,25634.208601845992,S,Second,man,False,D,Southampton,yes,True
0,1,female,34.47476005798141,3,1,1321.2921885014644,C,Second,woman,False,B,Queenstown,no,False
0,1,female,21.795706803926862,2,1,22292.57632351655,Q,Second,woman,True,B,Southampton,no,False
0,3,female,63.17966129570296,4,2,44349.27008915349,S,Third,man,False,B,Southampton,yes,False
1,3,male,54.426744093547825,2,3,41745.88684736589,Q,First,man,True,B,Queenstown,yes,False
1,2,female,32.382032697293454,0,1,16871.966141726836,S,Second,woman,False,C,Cherbourg,no,True
0,3,female,65.91404893872681,4,4,5119.07007791192,Q,Second,woman,True,B,Cherbourg,yes,True
1,2,female,23.555559912870592,0,0,23778.917978005047,C,Second,woman,True,A,Queenstown,yes,False
1,1,female,76.50878329976126,4,1,3223.8229931242804,Q,Second,woman,True,C,Cherbourg,no,False
0,2,male,69.14929928812734,2,3,18532.93807862905,C,Third,man,False,C,Queenstown,yes,True
0,3,male,55.08935369103844,0,4,57843.316420761155,Q,Second,man,True,A,Cherbourg,yes,True
0,2,male,65.3331002447863,0,0,79808.65135714851,Q,Second,woman,False,D,Southampton,no,False
0,3,male,47.38004519952557,4,2,44551.930763958895,C,Third,man,False,D,Queenstown,no,True
1,3,male,67.6223018040464,0,3,10345.905929600596,C,Second,woman,True,B,Southampton,no,True
0,1,male,71.47907310526581,3,4,74661.0368519628,Q,Second,man,True,A,Queenstown,yes,False
0,3,male,27.7090346737015,3,4,19486.561009261128,C,Second,woman,False,B,Cherbourg,yes,False
0,1,male,38.09746819197181,2,3,65761.73987712445,C,Second,man,True,D,Queenstown,no,False
1,2,male,24.429826863382353,4,1,93407.73845626568,Q,Third,woman,True,D,Southampton,yes,False
1,2,female,34.44873708216896,3,5,61594.58881178518,C,Third,woman,False,D,Queenstown,yes,False
1,1,male,29.58960999278935,2,0,34748.37746623096,Q,First,woman,False,A,Southampton,no,True
0,2,female,69.46553810644683,3,5,19597.956360451295,S,Second,woman,True,D,Cherbourg,yes,False
0,2,male,55.12652162308104,0,0,39121.25860345478,Q,Second,woman,True,A,Southampton,yes,False
0,3,female,41.12381407856633,4,2,58256.2538738078,S,Third,woman,True,D,Cherbourg,no,True
0,2,male,45.979788785713815,2,3,52133.786756664325,Q,First,man,False,C,Southampton,yes,False
1,3,female,35.59876925312945,4,5,70885.85101672242,S,Third,man,True,D,Southampton,no,False
0,3,female,19.068209171959406,0,4,72401.77898502845,S,Second,man,True,D,Cherbourg,yes,True
1,1,male,35.25078370046323,3,2,60536.9195309138,Q,Third,man,True,B,Cherbourg,yes,False
1,2,female,54.57162305949576,1,4,81334.31444879973,S,First,man,True,A,Cherbourg,yes,True
1,2,male,63.667558562331436,2,2,13435.037691045864,S,Third,man,True,C,Cherbourg,no,False
1,2,female,27.605853536990267,3,5,74463.87432963082,S,First,man,True,A,Cherbourg,yes,True
1,3,male,28.170376370333635,0,4,37271.65282369784,S,Second,woman,False,A,Queenstown,no,True
0,3,female,78.35899168761105,2,4,65054.10709044114,S,Second,man,True,A,Queenstown,yes,False
0,2,female,28.61457280569057,2,0,88945.1296007102,Q,Third,woman,True,C,Cherbourg,no,True
1,3,male,73.17180173229971,0,0,23025.780072098598,C,First,man,False,C,Southampton,yes,False
0,2,female,22.94485858341246,4,0,78360.8297821545,C,First,man,False,B,Cherbourg,no,True
1,1,female,71.69841392302992,3,3,4295.956833810916,Q,First,man,False,D,Cherbourg,no,True
0,2,female,24.886550078249087,3,4,63781.85538943464,C,Third,man,False,A,Cherbourg,no,False
0,2,female,71.55105140541403,1,4,65429.64139119731,S,Third,man,True,C,Queenstown,no,True
1,1,male,70.66239150424087,2,1,99861.41010989566,C,First,woman,True,B,Southampton,yes,False
0,2,male,31.918781456186917,2,0,17367.44788939355,C,Third,man,False,D,Queenstown,no,True
0,1,male,47.534250578073,3,1,51135.004644030654,Q,Third,woman,False,C,Cherbourg,yes,False
0,1,female,63.862344347363546,2,1,58692.53149758981,C,First,woman,True,C,Southampton,yes,False
0,1,female,79.6512476165725,4,0,40689.09371101985,Q,First,man,True,C,Cherbourg,yes,False
0,3,female,27.588932865900215,2,1,39404.82702943235,S,Third,woman,False,B,Cherbourg,yes,False
0,1,female,63.0561925312882,0,2,27279.78284754627,C,First,man,False,C,Queenstown,no,False
1,3,female,52.09530227960523,2,0,17976.732339767637,C,First,woman,False,A,Southampton,yes,True
0,2,female,72.95377043695811,1,4,7049.086394709845,C,Second,woman,True,B,Queenstown,yes,False
0,3,female,30.419807574772946,4,0,63754.10792875616,C,Second,woman,True,A,Southampton,no,True
0,2,male,65.96419796511144,0,3,86344.08533235954,Q,Third,woman,True,C,Southampton,no,True
0,3,female,71.99269108569965,2,2,3067.545075631566,Q,First,woman,True,C,Southampton,yes,False
1,2,male,66.31278320292436,3,4,43189.41059269,C,Second,woman,True,C,Southampton,no,True
1,2,female,36.12114620726109,4,2,65614.48883073556,C,First,man,False,B,Cherbourg,yes,False
0,1,female,40.15168383048112,1,5,45113.67291623802,Q,Second,woman,True,D,Southampton,yes,False
0,3,female,32.63451439694492,4,2,58351.65111187123,Q,Third,man,True,D,Southampton,yes,True
0,3,female,74.38311976331156,4,0,33437.249414151964,Q,First,man,False,A,Southampton,no,False
1,2,female,72.43165340069632,1,2,24905.28239698378,Q,First,man,False,B,Southampton,yes,False
0,2,male,22.946542423618386,3,1,77072.48411356089,C,Second,woman,False,D,Cherbourg,yes,True
1,2,male,78.11326178027045,4,5,32960.468841246126,C,First,woman,False,D,Queenstown,yes,False
1,3,female,78.23748938835476,3,0,96653.33562636445,S,Third,man,True,D,Cherbourg,yes,True
1,3,female,73.90755933779107,2,4,64031.83580283714,C,Second,man,True,A,Southampton,no,True
1,1,female,32.56029210378762,0,3,32726.796111140768,C,Third,man,True,C,Southampton,yes,True
0,2,female,28.687669005690672,0,2,82986.4585815439,S,First,man,True,A,Southampton,no,False
0,2,male,68.25713812640117,2,2,22240.256091866948,S,First,man,False,C,Cherbourg,yes,True
1,1,male,50.358180166423956,2,5,9666.499211698256,C,First,woman,True,D,Queenstown,yes,True
0,1,female,66.7412909445046,1,4,94247.73282173947,C,Third,woman,True,D,Cherbourg,no,True
1,2,male,46.232730084692506,0,2,39717.98169934727,S,Third,man,True,C,Southampton,no,True
0,3,female,51.21578036370524,3,3,13888.404113584149,S,Third,man,True,D,Queenstown,no,False
0,1,female,49.87478625825457,0,5,79061.71857000877,Q,Third,woman,False,C,Southampton,yes,False
0,1,female,20.392034259756315,4,3,25738.45582268581,S,Second,woman,False,A,Southampton,no,False
1,3,male,37.08320985124275,1,2,39045.23590010054,Q,First,man,False,B,Southampton,yes,False
1,2,female,57.27568859232916,2,1,94231.49442477239,C,Second,woman,False,D,Queenstown,yes,False
0,1,female,34.28782829827501,4,2,19694.159993983223,Q,Second,man,False,B,Queenstown,no,False
0,3,female,45.41994311194101,3,5,24789.16519331183,Q,Third,woman,False,C,Queenstown,yes,False
0,1,male,70.8721938455242,3,4,54460.0450614338,C,Third,woman,True,D,Queenstown,yes,True
1,3,male,40.51725090965651,0,2,87898.45996290231,Q,Second,man,False,A,Queenstown,yes,False
1,1,male,71.07619980358726,1,5,75934.74739527087,Q,First,woman,True,C,Southampton,no,False
0,3,female,20.81543322248706,2,4,88296.49783972182,Q,Second,man,False,B,Cherbourg,yes,True
0,3,male,63.205728646323756,4,5,9552.379882701553,Q,Third,woman,True,C,Cherbourg,yes,True
1,2,male,61.44118998443672,2,0,20123.59499571938,C,Second,woman,True,A,Cherbourg,no,False
0,2,female,60.00015312907054,3,5,3300.0958229783996,S,Third,man,False,C,Queenstown,no,False
1,3,female,77.07269817438086,3,1,95821.08058228073,C,Third,woman,True,D,Cherbourg,yes,True
0,2,female,65.645260722269,4,4,75466.0706964777,Q,Second,woman,True,C,Cherbourg,no,True
1,2,male,31.4829015264529,0,4,84824.92398147294,Q,First,man,False,C,Cherbourg,no,True
1,1,male,70.47319487293964,1,3,91347.34050853796,S,First,man,False,A,Queenstown,no,True
1,2,female,31.976740744408396,0,0,74443.86113117028,C,Third,man,True,B,Cherbourg,yes,False
0,2,female,60.7696667960341,4,1,43652.48740931259,Q,Third,man,True,C,Cherbourg,no,True
0,1,male,79.51552243305389,4,2,49005.18796823986,Q,Third,man,True,B,Queenstown,no,False
0,3,male,71.273618483821,3,1,90351.62093650413,C,Third,man,True,A,Queenstown,yes,False
1,3,female,48.019067917590704,2,3,62681.47373741217,S,First,man,False,A,Southampton,no,False
0,1,male,38.77415789077125,0,0,20252.32652799137,C,Second,man,True,B,Queenstown,no,True
0,2,male,43.69118403645866,3,3,76707.80286818593,S,First,man,False,D,Southampton,yes,True
1,3,female,29.075667833824962,0,2,79419.1770051678,C,Third,man,True,A,Southampton,yes,False
1,3,female,18.99181157730449,2,3,98579.04031115469,C,Second,woman,True,D,Queenstown,no,False
0,1,female,72.96301746951195,2,4,96416.34486947035,Q,Second,woman,False,B,Queenstown,yes,False
0,3,male,69.01652553520185,4,0,44234.97035389847,S,Third,woman,True,C,Queenstown,no,False
1,1,male,20.47392724648056,2,4,31772.631913284116,S,Second,man,True,B,Cherbourg,yes,False
0,2,male,64.89899823681733,2,4,2084.4643984232416,S,Second,woman,False,B,Southampton,yes,True
0,3,male,51.58091232968943,1,5,82132.76827759609,Q,Second,man,False,D,Queenstown,yes,True
1,2,female,21.189628028416923,0,5,20987.370387696417,Q,Third,woman,True,D,Queenstown,no,True
0,2,male,38.220969858233985,1,4,33657.290589421325,C,First,man,False,B,Southampton,yes,True
0,3,male,35.83757400474177,4,2,7270.221559549466,C,Third,woman,True,B,Southampton,yes,False
0,2,female,67.32312996014755,2,4,62931.875206376106,S,Second,man,True,B,Southampton,yes,False
1,3,male,75.40391142103944,2,1,28222.332442923325,C,Third,woman,False,A,Southampton,yes,True
1,3,male,36.40877261310672,2,1,73561.29000839891,Q,Third,man,True,B,Cherbourg,no,False
1,2,female,69.56556259339709,1,1,33163.447943576306,Q,Third,man,False,A,Cherbourg,yes,False
1,2,male,29.06079118828757,0,0,85274.80762482694,C,First,woman,True,A,Queenstown,yes,False
1,1,female,54.013622853868355,4,3,74328.65992609628,C,First,man,True,B,Cherbourg,yes,False
1,2,male,64.97550627044103,0,1,79831.27797127134,Q,Third,woman,True,A,Cherbourg,yes,True
1,1,female,52.267428259886714,3,1,20395.908280368174,Q,First,man,False,B,Southampton,no,True
1,3,male,57.007283038023516,2,5,36048.55287672825,S,First,man,False,C,Queenstown,yes,True
0,2,male,68.06405898633673,1,3,83767.51548227112,C,Second,woman,False,B,Cherbourg,no,False
0,3,male,29.028786290804952,2,1,10088.691877898505,S,First,woman,False,C,Cherbourg,yes,False
1,2,male,46.37421043624232,0,0,26856.49206938205,Q,First,woman,True,D,Cherbourg,yes,False
0,3,male,29.35633343769997,1,4,60674.68006245691,S,First,woman,True,B,Queenstown,no,False
1,2,male,57.84016245027966,4,0,20710.612579628676,C,Second,man,True,C,Southampton,no,False
1,1,male,60.56674272412014,4,0,62840.97698285846,C,First,man,True,D,Southampton,no,False
0,2,male,33.32627000512125,1,1,24281.593316035378,C,First,woman,True,B,Cherbourg,no,False
0,2,female,51.02718882009384,1,4,34302.676434192945,S,First,woman,True,A,Queenstown,yes,False
0,1,male,33.04563316955691,3,3,4769.879966634627,Q,Second,woman,True,C,Queenstown,yes,False
1,1,male,61.55638158772042,0,1,65529.330796252914,S,First,woman,False,B,Queenstown,yes,False
1,1,female,51.18900377724297,3,2,38421.12416784793,Q,First,man,False,C,Queenstown,no,True
0,1,male,71.6056887527644,3,1,67811.26262905504,C,Second,woman,False,A,Queenstown,yes,True
1,1,male,19.136378092663136,1,0,74511.32552643707,C,Second,man,True,A,Southampton,no,False
1,3,male,65.34767351029882,2,4,81375.96885835961,S,Third,woman,True,D,Cherbourg,yes,True
0,3,male,38.8842846656674,1,1,82272.77555273032,S,First,woman,True,C,Southampton,yes,True
1,3,male,66.80560572712828,2,3,1599.187284341627,S,First,man,True,B,Cherbourg,no,False
0,2,male,40.41317500406338,1,2,63125.739543437994,S,Second,man,False,A,Queenstown,yes,False
1,1,male,22.13055301759605,2,3,9767.802009330599,S,First,woman,False,D,Southampton,yes,True
0,1,male,68.96170608586854,3,2,43133.979076467775,Q,First,man,True,B,Queenstown,no,False
0,2,male,27.859908422302677,3,1,19495.65262247061,C,Second,man,True,C,Cherbourg,yes,True
0,2,male,35.84687514565168,0,0,18494.909911470575,Q,First,man,False,C,Queenstown,no,False
0,3,female,45.87870491088289,2,5,21999.951021785102,Q,Second,man,True,B,Southampton,no,True
1,2,male,40.78220593055008,4,2,62850.821256061026,C,Third,woman,False,C,Queenstown,no,False
1,1,male,28.06289588975571,1,3,34374.49571583854,Q,First,woman,False,A,Southampton,yes,False
0,3,male,30.687051337266702,2,1,6513.141563371558,Q,Second,man,False,C,Southampton,no,False
0,1,male,73.45740706593847,0,3,30298.659461909294,S,First,woman,True,A,Cherbourg,yes,False
0,1,male,49.88198708702126,1,2,61391.07030982138,C,First,man,False,B,Southampton,yes,False
1,3,male,25.096495497256228,4,2,43926.29482280682,S,Third,woman,True,D,Queenstown,no,True
0,2,female,48.13886807826076,3,4,78247.70145850739,Q,Second,man,False,A,Southampton,no,False
1,1,female,26.240828898682892,3,5,52236.26520409112,C,Second,man,True,D,Cherbourg,yes,False
1,1,male,26.497234890392328,1,3,17454.8555092144,Q,First,man,False,A,Queenstown,yes,False
0,2,male,64.20084132922273,1,4,99177.80983222678,C,First,man,True,D,Cherbourg,yes,False
0,1,female,79.69471289257487,0,4,33162.92308947068,C,First,man,False,D,Southampton,yes,False
0,2,female,19.85527905313258,3,0,71131.9105302888,C,First,woman,False,B,Southampton,yes,False
1,3,male,37.76600693546239,0,2,45045.9606022889,Q,First,woman,True,A,Cherbourg,no,False
1,2,female,58.093979844239676,2,0,81618.65284779953,C,Second,woman,True,D,Queenstown,no,True
0,3,male,29.950531957971855,2,3,27203.26764093821,C,Third,woman,True,D,Queenstown,no,False
1,1,male,59.223559386134355,4,4,9632.097875403535,C,Second,woman,False,D,Southampton,yes,True
1,3,male,66.4026336967435,2,3,22675.869450911337,S,Third,woman,True,C,Cherbourg,yes,False
0,1,female,24.80302564998398,2,3,41217.58891294374,Q,Third,woman,True,D,Southampton,yes,True
1,3,female,79.68480621585401,3,4,45904.68187551544,Q,Second,man,True,C,Southampton,yes,False
0,3,male,18.920631184346036,1,5,88717.74414065729,C,First,man,True,A,Queenstown,yes,True
1,2,female,26.146025442022435,3,3,6406.330916008974,Q,Second,woman,True,A,Cherbourg,no,False
0,1,male,44.9786697343896,0,4,42523.50708849061,Q,Second,woman,True,C,Southampton,no,False
0,3,female,73.59051089606172,2,2,34052.06182918205,S,Third,man,False,C,Queenstown,no,True
1,2,male,21.11308052619804,4,0,81431.3701313008,C,Third,woman,True,D,Southampton,no,False
0,3,male,73.07169027552966,1,5,66636.11251436258,S,Third,woman,False,C,Queenstown,no,True
1,3,male,46.60243021680107,3,3,64253.545801921355,Q,Third,woman,True,A,Cherbourg,no,False
1,1,female,53.90259907210942,4,4,7667.915012667441,C,First,man,False,C,Queenstown,no,False
0,3,male,38.08661937349456,1,2,71737.50328776428,Q,Third,woman,True,C,Queenstown,yes,True
0,2,male,47.25655039153631,4,0,9983.24412431182,Q,First,woman,False,C,Cherbourg,no,True
0,2,male,20.299122707764603,1,0,70768.85001986694,C,Second,man,True,C,Queenstown,yes,True
0,1,female,28.426897488750853,4,0,83446.51388007247,S,First,woman,False,D,Queenstown,yes,False
0,2,female,38.574323183349975,1,3,12576.78172661694,Q,Third,woman,False,D,Cherbourg,no,True
1,1,female,61.461467381106445,4,3,91282.87629393955,S,Third,woman,True,B,Southampton,no,False
0,2,female,46.39072049874785,0,0,3964.9231233482174,S,Third,man,True,A,Southampton,no,True
0,3,male,33.68400718424192,4,1,55244.86351461021,Q,Second,man,True,A,Southampton,no,False
0,3,male,43.53955075905056,0,3,51936.50563118911,Q,First,woman,False,C,Cherbourg,yes,True
0,1,female,52.16842267224247,0,5,64956.75779912207,S,Second,man,False,C,Southampton,no,False
0,1,female,61.68656846377086,3,4,70266.13442068326,Q,First,man,True,C,Southampton,yes,False
0,2,male,71.4018189715453,1,3,55399.577880479475,Q,First,woman,False,D,Queenstown,no,False
0,1,male,27.84954499574315,1,4,33124.2043350048,S,Second,woman,False,C,Cherbourg,no,True
0,2,male,36.26465780213599,0,1,53174.68814245297,S,First,woman,False,B,Southampton,no,True
1,2,male,18.428358967738923,1,3,51658.725670272914,C,Second,woman,False,C,Queenstown,yes,False
0,3,female,27.46361375625385,0,4,3897.1118620372586,C,Second,woman,True,B,Cherbourg,yes,False
1,1,male,41.53112494745702,3,3,68050.66270686364,S,Third,woman,False,B,Cherbourg,no,True
1,3,male,28.793393969967937,2,2,25317.979476821118,Q,Third,man,False,A,Queenstown,yes,True
0,1,male,61.34321541517107,4,5,63228.93688912805,C,First,woman,False,B,Southampton,yes,False
0,1,male,28.27739074965317,1,3,40570.26226188005,S,First,woman,False,B,Southampton,no,True
1,2,male,71.2294820243795,4,3,10305.034365992127,Q,Third,woman,True,A,Southampton,no,False
0,2,male,72.89453110818528,1,0,93949.78549562288,C,Third,man,False,D,Queenstown,no,True
1,1,female,46.50177154671542,3,4,34678.32502623409,C,First,man,False,D,Southampton,no,True
1,1,female,74.85333994814306,0,2,31336.48660394368,Q,First,woman,True,A,Queenstown,yes,True
0,3,male,42.1637017690165,0,5,93376.98809607369,S,First,man,False,B,Cherbourg,no,True
0,1,female,65.76655889678888,4,4,23129.748361179078,C,Third,man,False,C,Southampton,no,False
0,2,female,30.945763643615713,4,4,559.02451183365,C,Third,man,False,B,Queenstown,yes,False
1,2,female,78.75499686804332,2,2,63857.904384753376,S,Third,woman,True,A,Queenstown,no,False
0,1,male,56.565832981999,0,1,39974.62311736783,C,First,woman,False,B,Cherbourg,yes,False
1,3,female,52.534670686144956,3,0,67296.88971125783,C,First,woman,False,D,Southampton,no,True
0,2,female,32.79964466145963,3,0,64558.38831497161,Q,Third,woman,True,B,Southampton,yes,False
1,2,male,60.714919853959266,3,0,9643.058191520602,S,Second,man,True,D,Cherbourg,yes,False
0,2,female,28.23952214729561,3,3,37940.66343969568,Q,First,woman,True,B,Southampton,no,False
1,2,male,45.27036487376714,4,4,33870.00236097712,C,Second,man,True,B,Queenstown,yes,True
0,3,male,63.09007590882875,4,1,66677.02451964607,S,Third,woman,False,D,Cherbourg,yes,True
1,3,male,49.527298024251564,4,3,1593.0668516543183,Q,Third,woman,False,C,Southampton,yes,True
0,3,female,27.03663528048883,0,5,18038.954596735224,Q,First,man,True,B,Queenstown,yes,False
1,2,male,30.601744558420496,3,5,52610.99780044196,Q,First,woman,False,C,Cherbourg,no,False
1,1,female,63.78370070891767,1,0,37370.58795590932,S,First,man,True,B,Southampton,no,True
0,1,female,56.08866537846972,4,4,69073.76990560173,C,Third,man,True,C,Queenstown,no,False
1,3,female,41.92067358123969,3,0,91985.10580390862,S,Third,woman,False,B,Queenstown,yes,True
0,1,female,45.32914757500621,1,4,56487.096301615755,C,Second,man,False,C,Queenstown,no,False
1,1,female,41.297948715249184,3,1,51784.409805792784,S,Third,man,True,C,Queenstown,no,False
0,2,female,44.11698294753504,2,5,23462.98752759514,S,First,woman,True,C,Southampton,yes,False
0,1,male,53.25237408322217,2,4,35001.69917199929,Q,Second,woman,True,D,Cherbourg,no,True
0,3,female,40.34111290359032,1,3,52957.12255480008,C,Third,woman,True,A,Southampton,yes,False
0,1,male,61.43214487788563,1,4,33414.697229268684,C,Third,woman,True,D,Queenstown,yes,False
1,1,female,43.22108421157469,4,0,92340.73014573025,C,Second,woman,True,B,Southampton,no,False
1,1,female,19.169300852074468,4,2,53743.99519210435,C,Third,woman,False,D,Southampton,no,True
1,3,male,38.15199546106284,2,3,99950.34273588995,S,Third,woman,False,C,Queenstown,yes,True
1,1,male,25.734438892910035,0,3,46052.52362251919,C,Third,woman,False,B,Queenstown,yes,False
1,3,female,25.424959491939433,3,0,48291.88405842757,C,Third,woman,False,D,Cherbourg,no,True
0,3,female,69.41353957617063,1,3,86568.16381700161,S,First,man,True,C,Cherbourg,no,False
1,2,female,56.74289564240478,1,5,37271.790418534685,S,Third,man,False,C,Queenstown,no,False
1,2,female,73.65606553058271,4,4,84674.80093563108,S,Second,man,False,A,Southampton,yes,False
1,1,male,74.11568090375891,2,1,59296.53625231952,Q,First,man,False,D,Queenstown,yes,False
0,2,male,33.60502223727697,0,2,57663.86576154532,S,Second,woman,False,C,Southampton,no,True
0,3,female,24.761492046777462,3,5,55610.232109077784,C,First,woman,True,A,Queenstown,yes,True
0,2,female,34.88965179581767,2,5,33899.63473596774,C,Third,man,True,D,Cherbourg,yes,False
1,3,male,74.65110306625826,2,3,11454.375222848043,C,Third,man,False,D,Southampton,yes,False
0,1,female,20.767615872228973,4,5,51515.37193357352,S,Second,woman,False,B,Cherbourg,no,True
0,3,female,56.25260614160523,3,5,5815.596848716077,Q,Second,woman,True,A,Cherbourg,yes,True
1,1,male,22.397747305780253,2,1,59756.38480200447,C,Second,woman,True,D,Cherbourg,yes,True
0,3,female,79.93280932092611,4,5,12671.027743142618,C,Third,man,False,A,Cherbourg,no,True
1,3,female,24.53400357911285,1,0,52362.30953252267,S,Third,man,False,C,Queenstown,yes,False
0,3,male,60.17102266215022,4,2,63478.83548277255,C,Third,man,True,B,Cherbourg,yes,True
0,1,female,57.29372775514763,4,0,49206.47005472686,S,First,man,True,A,Southampton,no,False
0,1,female,48.037341957903735,0,3,7685.062197208571,Q,Second,man,True,D,Cherbourg,no,False
1,1,female,44.81304084812654,2,4,56914.27123454615,Q,Third,woman,True,C,Southampton,no,True
0,1,male,33.618882004964775,2,3,43280.76471224267,Q,Second,woman,False,B,Queenstown,no,True
0,2,female,27.685647839589226,4,1,86234.06309052577,C,Third,man,True,B,Southampton,yes,False
0,1,female,68.92439366247845,0,4,64839.60012666974,S,Second,woman,False,C,Cherbourg,no,True
0,1,male,71.31158229279015,2,1,65393.407316615965,S,Second,woman,True,A,Queenstown,yes,False
0,3,female,38.99535210280061,3,0,29845.58629865298,S,Second,man,False,C,Southampton,yes,False
1,2,female,60.587125116768114,3,2,48720.40375188527,Q,First,man,True,D,Cherbourg,yes,False
1,2,female,44.116057821928806,0,4,2733.4947016008146,C,First,man,False,A,Southampton,no,False
0,1,male,65.72253334331339,4,4,83350.15077578223,Q,Second,woman,True,D,Cherbourg,yes,True
0,2,male,60.38137440852473,0,5,48317.50958446523,S,Third,man,False,A,Queenstown,no,False
0,2,female,46.009038639248764,2,1,76034.78850606117,C,First,woman,False,A,Queenstown,no,False
1,2,male,28.318688325881734,1,0,12782.714914212844,C,First,woman,False,B,Queenstown,yes,False
0,1,male,49.413649688017166,3,5,56907.86732049422,S,Second,man,True,C,Queenstown,no,True
0,1,female,36.0003954460056,0,0,88382.22858244415,Q,Second,woman,False,C,Southampton,no,True
0,1,female,47.542439194866134,4,1,68026.94449479751,C,Third,man,True,C,Southampton,no,False
1,1,female,57.97349821114888,1,2,94703.52603421069,S,First,woman,False,C,Queenstown,yes,False
0,1,male,50.70946954180444,3,4,91960.53232123479,S,Second,woman,False,C,Southampton,no,False
0,3,female,74.62579656821401,0,1,45355.45940765516,S,First,woman,False,C,Queenstown,no,False
0,1,female,26.705209343536836,4,0,78512.56535816881,C,First,woman,True,A,Cherbourg,yes,False
1,3,male,65.30315926351591,2,2,47880.520979335066,Q,Third,man,True,C,Queenstown,no,True
0,2,male,65.94385875285758,2,0,9697.287662413875,C,Second,man,False,A,Queenstown,no,True
0,2,male,38.16248719596297,2,1,69099.84329079077,C,Third,woman,False,D,Southampton,yes,False
0,3,female,55.1540482180348,0,4,304.3424600634952,Q,Third,man,True,C,Southampton,yes,True
0,1,female,22.00290743168344,4,0,87453.12015783618,Q,First,man,False,D,Southampton,no,True
0,1,female,72.27764807983759,0,1,26045.074948927147,C,First,man,False,A,Queenstown,no,True
0,1,male,37.52513089447256,3,1,90200.4949318857,Q,Third,man,True,C,Southampton,no,False
0,3,female,57.02358736310705,3,1,49888.44926630753,S,Third,woman,True,A,Southampton,no,True
0,2,male,63.95290525817801,4,4,29341.702528598817,C,First,woman,True,D,Southampton,no,False
1,2,female,76.25530491209351,0,5,9105.752941383382,Q,Third,woman,False,B,Queenstown,yes,True
0,2,male,77.54361291138486,3,2,1345.1812020395641,Q,First,man,False,A,Cherbourg,no,True
0,1,male,50.74910215562502,4,4,1535.960503482679,S,Third,woman,False,A,Southampton,yes,True
0,3,male,26.426742546451948,0,1,35396.94652615002,C,Third,woman,True,C,Cherbourg,no,True
1,1,male,65.35598862124627,1,1,23957.252008643198,Q,First,man,False,D,Cherbourg,yes,False
0,3,male,73.99796251387195,1,1,27015.42866767564,S,Third,woman,True,A,Southampton,no,False
0,3,male,48.49835864303478,0,2,39676.79070240719,S,First,man,False,B,Queenstown,no,False
1,1,male,64.20396531673265,2,1,44970.302747510585,Q,Third,woman,False,B,Southampton,no,True
0,2,female,76.9643890271935,4,3,84507.43937098936,C,Third,woman,True,B,Southampton,yes,False
0,1,female,68.1179899133929,3,3,99998.63289150693,S,First,man,False,A,Cherbourg,yes,True
1,1,female,26.622260297120214,3,2,99596.72365443851,S,Third,man,False,A,Cherbourg,no,True
0,1,male,79.72469186083424,1,2,55742.2223870002,S,Third,woman,False,A,Southampton,no,True
0,3,male,50.29163264450115,1,4,19140.66899881588,Q,Third,man,False,D,Queenstown,no,True
1,1,female,39.54057657969899,2,4,74792.46763016796,Q,First,man,False,B,Southampton,yes,False
0,3,female,69.1841010390497,3,1,6435.532307933643,S,First,woman,True,B,Queenstown,yes,False
0,2,male,56.954841263712865,3,4,85834.77466826873,Q,First,woman,False,A,Cherbourg,no,False
0,1,male,67.62223160743409,4,3,25487.267463708544,Q,Third,woman,False,C,Queenstown,yes,False
1,3,female,78.89867383972897,0,4,34347.298060196306,Q,Second,woman,True,D,Southampton,yes,True
0,1,male,41.02206334986312,0,4,56089.485876128194,S,First,woman,True,D,Queenstown,no,True
0,3,male,31.518674111077804,0,1,62691.65249953635,C,First,man,False,C,Queenstown,no,True
0,1,male,47.78350810016403,2,4,2165.1242040703623,Q,Third,man,True,D,Cherbourg,yes,True
1,2,female,25.137063106969055,0,4,61118.59747346445,S,Second,man,False,B,Cherbourg,no,False
0,1,female,28.713699816959757,1,1,35081.22838983112,C,Second,woman,True,A,Queenstown,yes,True
0,1,male,24.23990223635349,0,5,49794.70199771219,C,First,woman,False,A,Southampton,yes,True
1,1,female,29.44522386616058,1,2,50306.36014146172,C,Second,man,True,A,Southampton,yes,False
1,3,female,44.22769046107079,4,1,65478.71626093341,Q,Second,man,False,B,Southampton,no,False
0,2,male,54.827852178967305,4,0,6341.065607366021,S,First,woman,True,A,Queenstown,yes,False
1,1,male,20.389332221259046,0,2,4278.225117104832,Q,First,woman,True,A,Queenstown,no,False
0,1,male,29.975086760706425,4,5,81992.82913989265,Q,Third,woman,False,B,Cherbourg,no,True
1,3,male,37.53805457120784,2,4,62073.18894739742,Q,Second,woman,True,D,Queenstown,yes,True
1,1,female,27.72083287472814,2,2,33980.04726734595,Q,First,woman,True,C,Southampton,yes,False
1,1,female,37.05601502722662,0,0,68279.71247912812,C,First,woman,False,C,Cherbourg,no,False
0,3,male,39.13889637131901,2,1,30326.077944330013,C,First,woman,False,C,Southampton,yes,False
1,3,male,60.592470024114,0,1,64620.05454342029,C,Third,man,True,D,Southampton,yes,False
0,3,male,48.841950219540166,1,3,83752.1555279528,Q,Second,woman,False,A,Southampton,no,False
0,2,male,79.93468479933654,0,3,22339.101299261445,C,Second,woman,True,B,Cherbourg,yes,False
1,3,female,26.737035648166607,0,0,97957.42338162464,C,Second,woman,False,C,Cherbourg,no,False
1,1,male,74.73267886542575,4,1,88331.2679377083,C,Third,woman,False,D,Southampton,no,False
1,2,male,42.88058631509915,1,3,77697.38360061092,S,Third,man,True,C,Southampton,no,True
1,2,female,65.32991533725686,3,5,80875.5270415034,S,Second,man,False,B,Southampton,yes,True
1,1,female,39.40838444429753,1,4,70664.02160191293,Q,Second,woman,False,B,Cherbourg,yes,True
1,3,female,30.913143375919326,2,5,74650.03803928112,C,Third,man,True,D,Southampton,yes,False
1,1,female,63.809402547735985,1,3,16075.348870159738,Q,Second,woman,True,D,Southampton,no,True
0,3,female,55.51144967656337,3,1,35655.09317904826,Q,Second,woman,True,A,Queenstown,yes,True
1,3,female,54.325028512462,1,4,34796.529029251156,Q,First,man,True,B,Cherbourg,no,False
0,2,female,58.67049155575068,0,1,36066.42063968138,S,Second,woman,False,C,Cherbourg,no,False
1,3,male,62.19287112836194,1,3,38484.86633134068,S,Third,man,True,B,Cherbourg,yes,True
0,2,male,35.60230096000616,4,0,24065.605682192076,C,Third,woman,True,C,Cherbourg,yes,False
0,3,female,36.78608222500125,4,4,85741.09166246501,S,Second,woman,False,C,Southampton,yes,True
0,2,male,78.85245946636994,2,2,9655.16657887625,C,Second,woman,False,A,Cherbourg,yes,True
1,2,male,63.434121952007764,3,5,43375.141953560014,S,First,man,True,A,Southampton,no,True
1,1,male,24.39358968365326,0,4,69212.86413840814,Q,Third,woman,True,B,Queenstown,yes,True
0,1,female,56.72407031470552,3,4,29842.396666325145,S,Second,woman,True,C,Southampton,no,True
0,3,female,65.47967490386947,0,2,70466.5964233461,Q,First,man,True,B,Cherbourg,no,False
1,3,male,45.22491096605408,2,1,35126.369690119434,C,First,woman,False,C,Southampton,yes,True
1,3,male,20.52253925789902,3,5,58913.391248607615,S,Third,woman,True,B,Cherbourg,no,False
1,2,male,63.615042383409346,1,0,90686.12106993861,S,Third,man,False,C,Cherbourg,yes,False
0,2,female,61.78414095598515,0,2,89662.35078908273,S,First,woman,False,B,Cherbourg,no,False
0,2,female,66.91478710276061,0,4,69575.59478445323,S,Second,woman,False,B,Southampton,yes,False
0,2,female,35.59209348524135,0,3,57954.18703149283,C,Third,man,True,C,Cherbourg,yes,True
0,1,male,25.31893532741212,1,2,81922.38038577311,S,First,man,True,C,Southampton,yes,True
1,3,male,25.26207078174075,3,0,94820.14640932591,S,Third,man,False,D,Queenstown,yes,True
0,3,female,57.612546632207255,3,4,17574.39129212841,Q,Third,woman,True,B,Cherbourg,no,False
0,3,female,77.92942766025266,2,1,89225.93857853665,C,Second,man,True,C,Queenstown,yes,True
1,2,male,62.10703566748942,1,5,32839.96007784945,Q,Second,man,True,C,Queenstown,yes,True
1,1,female,38.430807652277835,0,3,45824.42874183581,S,Third,woman,False,B,Cherbourg,no,True
1,1,male,25.07245779460066,3,1,13313.63017678541,C,Second,woman,False,D,Southampton,yes,False
1,2,female,56.329029698100406,2,5,61123.092443300564,C,Second,man,False,D,Southampton,no,True
0,3,female,61.75532841354199,0,2,86263.08643206883,C,First,woman,False,D,Southampton,no,False
0,1,female,67.93419611059534,2,3,28663.59198445154,C,First,man,False,B,Cherbourg,yes,True
0,3,female,73.64595137737852,0,4,83399.27099083365,S,First,man,False,A,Southampton,no,True
0,1,female,22.906833620311666,2,4,64464.28350190184,S,Third,woman,True,D,Queenstown,no,True
1,1,female,74.62980395357309,3,1,53935.3441733616,S,Second,man,True,C,Southampton,no,False
1,2,male,28.94867776883459,1,4,29557.891816787127,C,First,man,False,D,Cherbourg,no,False
0,1,female,29.187036319537867,0,0,23009.699704921637,Q,Second,man,True,B,Southampton,no,False
1,3,female,52.145294678918425,0,0,94770.70547638116,Q,Second,man,True,A,Queenstown,no,True
0,1,female,32.201523503804125,1,5,85938.46470034799,S,Third,man,False,A,Queenstown,yes,True
1,3,male,72.22370603371238,2,4,61801.42729778179,C,First,man,True,D,Queenstown,no,False
1,1,female,35.7096502405078,4,5,65698.84677740687,Q,Second,woman,False,B,Southampton,yes,True
0,1,female,52.19373000625423,0,5,76074.1931902681,S,First,man,False,D,Southampton,yes,True
0,2,male,49.87713432639285,3,2,89057.6939056009,C,Second,woman,False,C,Cherbourg,yes,True
0,2,male,38.80085388210895,0,5,80768.34428556467,S,Second,woman,True,C,Southampton,yes,True
0,3,male,38.41454777850166,3,2,73872.83692052065,Q,Second,woman,True,A,Southampton,no,True
1,1,male,21.507364227119126,1,5,73304.2208922741,S,First,woman,True,D,Queenstown,yes,False
0,2,male,53.721937322530295,4,0,35438.15905408376,S,Second,man,False,C,Cherbourg,yes,True
0,3,female,57.22437512536987,3,1,764.4594534093098,C,Second,woman,True,D,Queenstown,yes,True
0,1,male,66.38995472239998,3,4,80447.153676054,C,Third,woman,True,B,Queenstown,no,False
0,2,male,26.31918583652405,3,4,16260.034407662159,C,Second,man,False,B,Queenstown,no,False
0,1,male,64.16133962508046,0,4,53002.231984112506,Q,First,man,True,A,Queenstown,yes,False
1,3,female,62.90449016523165,4,3,28403.778108045444,S,First,woman,False,D,Cherbourg,yes,True
0,1,female,64.14115435356868,0,4,61747.96960517419,Q,First,woman,False,B,Cherbourg,no,True
1,1,female,73.93728055595692,1,0,9698.293654163526,S,Third,man,False,B,Cherbourg,no,True
0,3,male,19.100665182135046,3,4,95158.4540519515,C,Second,woman,False,B,Cherbourg,no,False
1,3,female,62.350426427548065,0,5,64176.49502310813,S,Second,man,False,B,Cherbourg,yes,True
1,2,female,45.39404125478235,3,1,27679.270015088023,Q,Third,woman,True,D,Queenstown,yes,False
1,3,male,24.44027539164837,2,2,32589.155056739197,Q,First,man,True,C,Southampton,yes,False
1,3,male,64.22865071902507,3,1,37717.05547840714,Q,Third,man,False,D,Queenstown,yes,False
1,2,female,29.350563797523954,2,1,11352.539486540956,Q,Third,woman,False,D,Queenstown,no,False
1,3,male,44.29559544758003,2,1,50243.77471432391,C,Third,woman,True,B,Queenstown,no,False
1,2,male,44.729560816671835,4,5,72519.37676481555,Q,Second,man,False,B,Cherbourg,yes,False
0,1,female,78.9538515407503,2,5,96710.94671380303,C,First,woman,True,A,Queenstown,no,False
0,3,male,19.855317371697705,1,0,14123.664057346597,S,Second,woman,False,A,Cherbourg,no,True
0,2,female,46.25834912298184,1,2,27594.521394735497,C,First,man,False,B,Southampton,no,True
0,1,male,50.980328674232425,1,4,97588.05048080246,S,Third,woman,False,B,Queenstown,yes,True
0,2,male,70.64255437476898,0,1,60073.4270780701,C,Second,man,True,C,Cherbourg,yes,True
1,2,male,48.43336897226919,0,4,82418.66450264413,C,First,woman,True,C,Cherbourg,no,False
1,1,male,27.85903031431172,1,4,72152.86542502198,Q,Second,woman,False,C,Queenstown,yes,True
0,3,female,76.21856840851137,1,5,59208.528623917824,Q,Third,man,True,B,Cherbourg,yes,False
1,2,female,30.534733589479217,1,1,64503.18600633479,Q,Second,woman,False,D,Southampton,no,True
0,3,female,41.903535691753554,1,4,3209.524621733697,Q,First,woman,True,D,Southampton,yes,True
0,3,female,73.87764763728521,4,5,35538.468810937076,Q,Third,man,False,C,Queenstown,yes,True
1,3,female,74.57055424674192,0,3,86478.52782464643,S,First,woman,False,B,Queenstown,yes,True
1,3,female,61.868498893579094,1,1,82350.79943472859,S,First,man,False,C,Southampton,no,True
0,2,female,62.99175226993832,0,2,92175.31600245934,C,Third,man,True,C,Southampton,yes,False
1,3,female,32.10417163013388,1,5,98966.89822880171,S,First,man,False,B,Cherbourg,no,True
0,2,female,43.334670661092495,0,0,70535.18423791876,Q,Third,man,True,A,Queenstown,no,True
1,2,female,61.45404972446329,1,2,84874.57940262312,Q,Second,man,False,C,Queenstown,yes,True
0,3,male,36.662703807597325,1,5,33084.846401389725,C,First,woman,False,B,Queenstown,no,True
1,3,male,22.292418063295653,1,3,71891.96731807484,Q,Second,woman,True,C,Southampton,no,True
1,1,female,19.6297400291614,4,0,14360.479172366424,Q,Second,woman,True,A,Southampton,yes,True
0,1,male,53.76026036150534,1,0,13380.230166188294,S,Third,woman,False,B,Southampton,no,False
0,3,male,24.37910297455976,3,2,67089.02368053547,C,First,woman,True,B,Cherbourg,no,False
0,1,female,51.73869488171718,1,5,30456.96987683186,C,Second,man,True,C,Queenstown,no,True
1,1,male,43.917587154244245,4,4,76984.25939912301,C,Third,man,False,A,Southampton,no,False
0,3,female,77.09258991252949,1,2,74059.04265531657,C,Third,man,False,A,Cherbourg,yes,True
1,2,male,54.497123108954355,3,0,88643.47828833369,S,Third,man,True,C,Cherbourg,yes,True
1,2,female,25.37299796275006,4,4,52670.327692433675,S,Third,woman,False,C,Southampton,no,False
0,1,female,66.7752483265879,0,4,61479.708970729924,S,Third,man,True,D,Southampton,yes,False
0,3,male,57.37623436238128,0,1,28947.369200186033,S,Second,woman,True,B,Cherbourg,no,False
0,1,female,24.93352395483062,3,0,12644.917539935475,C,First,woman,True,C,Queenstown,no,False
0,1,female,62.779913075641154,4,1,32045.921130776438,C,Second,man,True,A,Queenstown,yes,True
1,1,male,59.825873889915215,2,1,99764.55996834942,S,Second,man,True,C,Southampton,yes,True
1,1,female,73.29193080879713,3,2,44498.13566866712,S,First,woman,True,D,Queenstown,no,False
1,2,female,35.57184560905711,1,4,74373.89126763321,Q,First,woman,True,B,Southampton,no,False
1,1,female,74.9583709087721,3,2,6285.5737240411345,S,Second,man,True,A,Cherbourg,yes,True
1,3,female,34.92031208276288,3,2,96325.22306950686,C,First,woman,False,A,Southampton,no,False
0,1,female,60.752847947964646,3,3,7674.1388196261705,Q,Second,woman,False,C,Queenstown,no,True
1,3,male,42.27457479173484,0,5,6020.945065849394,C,Second,man,False,A,Queenstown,yes,False
0,2,male,56.47467746576746,2,5,50343.27985271833,C,Second,woman,True,A,Cherbourg,no,True
0,1,male,69.07442973311043,4,5,37239.239997636985,S,Second,man,False,B,Cherbourg,yes,True
0,2,male,47.082600215752095,1,4,46955.653361003635,S,First,woman,False,A,Cherbourg,no,False
0,3,male,73.60671729045794,0,3,40776.66519043779,Q,First,man,False,C,Cherbourg,yes,True
0,2,male,75.19746831927048,1,5,63001.50035531623,C,Third,man,True,B,Queenstown,yes,True
1,1,male,31.96400691143885,2,3,53587.237966222376,Q,Second,man,False,D,Cherbourg,no,True
1,2,male,76.23403003702524,0,1,51452.62201593308,Q,First,woman,True,B,Queenstown,yes,False
0,2,male,47.05421583747594,1,5,75646.31897549452,C,First,woman,True,A,Cherbourg,yes,True
0,2,female,35.93134297990591,3,5,41157.86792810089,C,First,woman,False,C,Southampton,yes,False
1,2,male,50.718843977401015,2,4,64764.102163897434,Q,First,man,True,A,Queenstown,yes,True
0,3,male,18.1283313423122,1,5,32346.321126490333,S,First,woman,True,C,Cherbourg,no,False
0,2,female,18.916415195926746,0,4,52564.72642356099,S,Third,woman,False,D,Queenstown,no,True
0,2,female,50.45457468104851,1,0,69008.7249191163,Q,Second,woman,False,A,Cherbourg,no,False
1,2,female,50.650418370054055,2,1,94797.77841360455,S,First,woman,False,A,Southampton,yes,False
1,2,female,45.32168595440674,2,3,35461.70843130781,C,First,man,False,B,Southampton,yes,True
0,3,female,27.93208319643596,1,2,38782.95950143867,C,Second,woman,False,C,Southampton,no,True
0,1,female,24.803078395313705,2,0,77179.29410525528,C,Third,man,False,A,Queenstown,no,True
0,1,male,53.207827010651954,0,2,20336.32395313819,Q,Second,man,False,B,Southampton,no,False
0,2,male,67.96943986346915,0,5,41872.23699161592,S,First,woman,True,C,Cherbourg,yes,False
1,2,female,77.59069629835489,4,3,65002.73307082565,S,First,man,False,D,Southampton,yes,False
1,1,male,41.147109993006055,4,5,27574.935886598814,Q,Second,woman,False,D,Southampton,no,False
0,1,male,58.42922819694164,1,2,62748.98180861673,Q,Second,woman,False,D,Southampton,yes,True
1,1,male,31.399539797805094,4,2,28829.361215044006,C,Second,woman,False,A,Southampton,yes,True
0,1,male,25.268501550343935,0,0,26732.536260911846,C,Second,woman,False,C,Cherbourg,no,False
1,3,male,79.81504420703172,2,0,17264.9274658291,S,Second,man,False,A,Cherbourg,no,True
0,1,female,73.46568078438159,2,5,48909.75400336285,C,First,man,True,C,Queenstown,no,True
1,3,male,63.185345114158174,2,2,16682.099466783417,Q,Third,man,True,B,Southampton,yes,True
1,1,female,38.194162738781046,2,5,15654.636473436787,C,Second,woman,True,C,Queenstown,no,False
0,2,female,72.27020270259074,0,4,50910.590432549805,C,Second,woman,False,B,Southampton,yes,False
1,1,male,38.54426582169597,2,1,66770.5569628181,Q,Second,man,False,C,Cherbourg,no,True
1,1,female,31.959851529536923,2,2,88613.20430014507,C,Second,woman,False,D,Southampton,no,True
1,1,female,51.61069287506536,2,4,75762.6133735997,Q,First,man,False,A,Queenstown,no,True
1,3,male,56.22010438874977,4,4,62318.74891171498,Q,Second,man,True,C,Southampton,no,False
0,3,male,22.223801787804863,3,0,57830.162198407066,Q,Third,woman,True,C,Queenstown,yes,False
0,1,male,47.47352510961948,3,4,83812.11846144949,C,Second,man,True,B,Southampton,no,True
1,3,male,46.27733725402007,4,0,81204.00453023684,Q,Third,woman,False,D,Queenstown,no,True
1,2,male,34.59594085757803,1,5,34752.15516974903,S,Second,woman,True,C,Queenstown,yes,False
1,2,male,34.84525195954238,1,1,39240.416925243684,Q,First,man,True,D,Queenstown,no,False
0,1,male,45.53895607990729,2,0,41926.43820240014,Q,Third,man,False,A,Queenstown,yes,False
1,2,male,34.866959123248094,0,5,75028.82404616616,C,First,man,True,C,Queenstown,yes,True
1,1,male,74.03140026920221,3,5,58860.43595949103,C,Second,man,False,B,Queenstown,yes,False
1,3,male,32.798978738321196,3,5,75958.39879983923,Q,Second,man,False,B,Southampton,yes,True
1,2,female,74.71692729088835,4,3,39751.70939915607,S,Second,woman,False,D,Queenstown,yes,False
0,2,male,75.61006788746184,2,5,33715.67364809604,Q,First,woman,True,A,Southampton,no,False
1,1,male,61.13302648368014,1,0,3825.5964752227956,Q,First,woman,True,D,Cherbourg,no,True
1,2,female,38.73944817818379,2,2,3689.516213906064,S,Second,man,False,C,Cherbourg,yes,True
0,3,male,79.04971421690848,1,3,42607.23167975832,C,Second,man,True,D,Queenstown,no,True
0,1,male,39.011690035295196,0,0,7805.141179676305,S,First,man,True,B,Southampton,yes,True
0,3,female,47.101772722781945,0,5,84134.98628115587,S,Third,woman,True,A,Queenstown,yes,False
0,3,female,19.410006007151736,0,0,75610.87084564498,Q,First,man,False,C,Queenstown,yes,False
0,1,male,64.25273372006014,0,5,3982.6495079585507,Q,Third,man,False,C,Southampton,yes,True
0,1,female,69.13377211355845,0,3,98263.63119893911,Q,First,man,False,A,Southampton,no,True
1,3,female,69.0916412134864,1,5,32213.83883169138,Q,Third,woman,False,B,Cherbourg,no,False
1,3,female,18.219432430075088,3,3,3170.7982907919054,S,First,man,False,C,Cherbourg,yes,True
0,2,female,36.82390206136797,1,0,84080.56114347992,C,Third,woman,True,B,Queenstown,yes,True
0,1,male,20.99500982866901,2,1,87429.89304417717,C,Third,woman,True,A,Cherbourg,no,False
1,3,male,62.74376430672952,0,0,86794.73374126518,Q,Third,woman,True,A,Southampton,no,True
0,1,male,19.85832207345131,3,5,97413.77368729975,C,Second,man,False,C,Queenstown,no,True
1,1,female,53.13397340562834,0,0,85505.98147947236,C,Third,woman,True,D,Cherbourg,yes,False
1,1,male,69.71348034912495,2,0,59601.37782813413,Q,Second,man,False,D,Cherbourg,no,False
1,2,male,53.08605436047726,0,5,46874.13435039141,Q,First,man,False,A,Queenstown,no,False
0,3,female,20.31197136052608,2,3,39476.08736863019,Q,First,woman,True,A,Queenstown,no,True
0,1,male,42.15220835595653,0,0,75184.20891399447,Q,First,woman,True,D,Southampton,yes,False
1,1,male,60.13633519064671,0,2,7066.561961237694,C,Second,man,True,C,Queenstown,yes,True
1,3,female,27.17977973066637,1,3,27507.156088519936,S,Third,woman,False,B,Southampton,no,True
0,3,male,40.08485203044052,3,3,5895.763555127406,S,Second,woman,False,C,Queenstown,no,True
1,3,female,27.89246390500202,1,4,55773.76282954752,Q,First,man,True,B,Cherbourg,no,False
1,3,female,32.66189815268181,2,0,83572.62132151591,Q,Third,man,True,B,Cherbourg,no,False
0,1,male,70.6704836927232,2,3,37890.980954036786,Q,Second,man,False,A,Queenstown,no,True
0,2,female,53.26700878675222,0,3,33702.05899541071,S,First,woman,False,C,Cherbourg,yes,True
0,2,female,38.93767562811211,4,5,65316.75644631085,C,Third,man,False,B,Queenstown,no,True
0,3,male,28.80060988279118,4,5,39312.692327231176,C,Second,woman,True,A,Cherbourg,no,True
1,1,female,34.94367773505297,1,0,52058.193034230855,C,Third,man,False,A,Southampton,yes,False
0,2,male,75.30171659487905,0,4,24649.27730639502,S,Third,woman,False,C,Cherbourg,yes,True
1,3,female,43.86656019880512,3,1,81875.90451193934,Q,First,woman,True,D,Queenstown,yes,False
0,2,male,41.822687414778606,0,5,57407.85655212215,S,Second,woman,True,B,Southampton,no,True
0,2,male,54.243609069698024,3,5,29637.428170854473,S,Third,woman,False,B,Cherbourg,no,False
1,1,female,53.10526613168419,1,1,39154.597910178134,C,Second,woman,False,C,Cherbourg,no,False
0,1,female,18.713181555483605,1,5,32673.464002613837,Q,First,woman,True,A,Cherbourg,yes,False
0,1,male,57.688509778907274,1,2,69097.96408825718,S,Second,woman,False,B,Cherbourg,no,False
0,1,male,36.04838838289001,3,1,54390.154102436136,Q,Third,woman,True,D,Southampton,no,True
1,3,female,63.90174385581033,1,0,47518.35945046944,Q,Second,man,False,A,Southampton,yes,True
1,3,female,60.850970963740856,3,1,34872.0891630772,C,Second,woman,False,B,Southampton,no,False
1,1,female,60.042077510814245,3,5,91180.65006251603,S,Second,woman,True,D,Queenstown,yes,True
0,1,female,38.58798498191221,0,2,76307.09398229039,C,Third,woman,False,C,Queenstown,yes,True
0,1,female,36.65515248048656,2,0,69788.37293262599,S,Second,man,True,C,Cherbourg,yes,True
0,1,female,51.84811340944952,2,5,33232.40740497128,S,Second,man,True,C,Queenstown,yes,True
0,2,male,64.76015703066358,3,4,14590.260563838623,S,Third,woman,True,C,Cherbourg,no,True
1,2,male,41.59939396773754,0,5,74608.12478605578,S,Third,woman,True,C,Cherbourg,yes,False
0,1,male,65.84347140078782,0,4,44037.65667748646,S,Second,man,False,C,Southampton,no,True
0,3,male,29.25546342302833,1,4,98094.90101285299,Q,Second,woman,True,B,Cherbourg,no,True
0,2,male,46.191354998350036,4,2,56725.16194016875,Q,Third,woman,False,C,Cherbourg,no,True
1,2,male,24.782192693093045,4,0,75817.9644007357,Q,Third,woman,True,A,Southampton,yes,False
1,2,male,76.61137036481094,2,4,22719.524955414712,Q,Third,woman,False,A,Southampton,no,False
1,2,male,31.641678232179217,2,4,10550.091177364366,S,First,woman,False,C,Southampton,yes,False
0,1,female,34.60122164344184,3,3,34115.38336433118,S,Second,woman,False,C,Southampton,no,True
1,1,male,72.57737317554225,0,1,86122.47830276142,S,Third,man,False,B,Queenstown,yes,True
1,1,female,59.27595830995399,4,5,29775.566842332533,C,Third,woman,True,C,Cherbourg,yes,True
0,2,male,75.01722487515283,2,1,49358.14576518065,S,First,man,True,A,Queenstown,yes,True
0,3,female,22.479081601445564,2,0,36854.834831916705,Q,Second,woman,True,A,Southampton,no,True
1,2,male,43.38328910055917,2,5,52657.48963536998,C,Second,woman,True,A,Queenstown,no,False
0,1,male,45.26964119006054,4,0,54159.259337733805,C,Second,woman,False,D,Southampton,yes,True
0,2,male,75.33036545947172,0,0,35505.4538710287,S,Third,woman,True,A,Cherbourg,no,False
0,2,male,42.644375561754394,2,5,60497.558846153144,S,Third,man,False,D,Southampton,yes,False
1,3,female,57.60432859683488,1,3,79381.86584133616,C,Second,man,False,B,Queenstown,yes,False
1,3,female,60.69204684462997,3,4,65394.78925744032,Q,Second,woman,False,C,Southampton,no,True
1,3,male,77.99300651940484,2,4,97085.2805248712,Q,First,woman,True,A,Southampton,no,True
1,3,female,39.99108055264373,0,4,29459.002980501882,S,Third,man,True,A,Southampton,yes,True
1,1,female,76.85714026256468,0,3,36284.87593189037,S,Second,woman,True,B,Queenstown,yes,True
0,2,female,78.6069093227311,0,0,92426.60997148347,S,Third,man,True,B,Queenstown,no,True
0,2,female,50.01518348661078,3,5,43308.49806928754,Q,Second,man,False,D,Queenstown,yes,False
1,2,female,40.07457914766635,0,0,76488.33247291489,Q,First,man,True,C,Cherbourg,yes,True
1,2,male,25.90377413005104,1,5,42916.94453440354,C,Second,man,False,C,Southampton,yes,True
1,2,male,21.577016313902604,4,1,62015.66095607013,Q,Third,man,True,B,Cherbourg,yes,True
0,1,male,64.90204074432862,0,1,73977.15868027836,Q,Second,man,True,C,Southampton,yes,True
0,3,female,63.978617135939544,4,1,51663.698224162894,S,First,woman,True,C,Queenstown,no,True
1,2,female,49.26525927445249,3,0,29435.749107802865,C,Second,woman,False,D,Queenstown,no,True
1,1,female,50.21595622400821,3,2,18756.65563531155,C,Third,woman,False,C,Queenstown,yes,True
1,3,female,19.07843448825683,1,3,28936.661179850085,Q,Second,man,True,A,Southampton,yes,True
0,1,male,43.61740496771148,2,2,17551.721470531797,S,Second,woman,False,C,Southampton,yes,False
0,1,female,18.07115807075861,0,3,68172.441396064,C,Second,woman,False,D,Queenstown,yes,False
1,1,female,73.39753393624626,2,4,35130.026848506444,S,Third,woman,True,D,Southampton,yes,False
1,1,female,78.99257463097595,0,0,59884.332524262325,Q,Third,man,True,A,Queenstown,no,False
0,3,female,60.37139163945483,4,1,66878.60013473016,Q,Third,woman,True,A,Southampton,yes,False
0,3,female,29.38002549015463,0,4,38787.08897105887,Q,Third,man,False,D,Cherbourg,yes,True
1,3,male,62.40055341420256,1,2,73401.95109633765,C,Second,man,True,A,Queenstown,no,False
1,1,female,42.71805002512994,1,3,55250.22268629137,C,Second,woman,False,C,Southampton,yes,False
0,3,male,55.97420872266688,4,2,38021.457690203846,S,Second,man,True,A,Southampton,yes,True
0,1,female,50.35097052595158,2,2,22156.87390815718,S,Second,man,False,D,Cherbourg,no,True
0,1,female,41.81471177806843,4,3,9771.118630743485,C,First,man,False,C,Southampton,no,True
0,1,male,38.31381166133802,1,3,73339.26678533758,C,Third,man,True,C,Queenstown,no,False
1,1,female,69.05051145115681,2,0,36123.99080515867,Q,Second,woman,False,A,Southampton,no,False
1,2,male,42.846199520688515,2,1,51951.475979531664,S,Second,woman,False,C,Cherbourg,yes,True
0,2,male,39.317471382645266,3,4,9693.14407092791,Q,Third,man,False,A,Queenstown,yes,True
1,2,female,57.95026062933918,2,2,84104.0069217262,C,Second,woman,True,A,Queenstown,yes,False
0,1,male,75.46603946877491,2,4,65479.74163561188,Q,Third,woman,True,B,Queenstown,yes,True
0,2,male,70.36071533409753,3,2,41924.13143069031,S,Second,woman,False,B,Cherbourg,no,True
1,1,male,25.82265877099889,2,2,72596.94852793204,C,Third,woman,True,A,Cherbourg,no,False
0,3,female,78.53255692424462,2,5,96309.63191228948,C,Second,woman,False,C,Cherbourg,no,False
0,2,male,57.175308704745305,3,3,43181.26813712691,S,First,man,False,B,Queenstown,no,True
0,3,male,52.70792283775952,1,5,34748.07068592944,Q,Third,man,False,C,Southampton,yes,True
0,3,female,75.92853771056579,0,0,37981.81878915393,S,Second,woman,False,C,Cherbourg,yes,False
0,1,female,53.00676275117477,3,5,43942.76124069322,Q,Second,man,False,B,Queenstown,no,True
0,3,male,43.814138419764625,4,1,14198.833450148577,Q,Second,woman,True,A,Queenstown,yes,False
0,3,male,50.3252672367639,0,0,75643.3399756357,Q,First,woman,False,A,Southampton,yes,True
1,2,female,66.34218139371319,1,0,40009.75231168892,Q,First,man,False,B,Southampton,no,False
0,2,female,72.37063959880521,3,0,3475.1414633691934,Q,Third,woman,True,A,Queenstown,no,False
1,1,female,67.89112706234621,1,2,32701.699271991856,C,First,man,True,C,Southampton,yes,True
1,2,female,50.90300821157062,0,0,59556.07221220417,S,First,woman,True,C,Cherbourg,no,False
0,3,female,33.43744059280688,0,3,95935.05122540788,S,Second,man,True,C,Southampton,no,True
0,2,female,50.29816647833061,4,0,89806.10463613458,C,Second,woman,False,C,Queenstown,no,True
0,1,male,26.034848210970353,1,1,13734.457163458868,C,Third,woman,False,A,Southampton,yes,True
1,1,female,31.50205740467357,4,2,25709.958978894967,Q,First,woman,False,A,Queenstown,no,False
1,2,male,56.4229592618464,1,1,81738.37393079756,S,Third,woman,False,B,Queenstown,no,True
1,3,male,28.500261485992468,1,3,95537.38128090881,C,Second,man,False,B,Cherbourg,yes,True
0,3,male,67.95715589374056,2,5,96459.76415844995,C,First,woman,True,C,Queenstown,yes,True
1,3,female,73.03813710023371,4,1,76345.86134949664,C,First,woman,False,C,Cherbourg,no,True
0,2,male,20.725908321360563,3,2,6509.284255885495,S,First,woman,True,B,Cherbourg,yes,False
0,2,female,33.556855593565295,4,1,49508.720016837746,C,First,woman,False,D,Cherbourg,no,True
0,3,female,31.909455397032424,1,4,80421.16614737612,Q,Third,woman,True,A,Southampton,yes,True
0,3,female,43.104780355772874,2,4,99637.95241970028,Q,Second,woman,True,D,Queenstown,yes,True
1,1,male,70.54474777561552,3,2,5908.556798851471,S,First,woman,False,C,Cherbourg,no,False
0,2,female,42.015290098773086,1,5,85560.79172712384,Q,First,woman,False,B,Queenstown,yes,False
1,2,female,58.3907477808696,2,5,56617.04526302454,Q,Second,woman,True,A,Cherbourg,yes,True
1,3,female,48.680362325951535,0,0,84822.17544464636,S,Third,woman,False,C,Queenstown,yes,False
1,3,male,20.411011118757628,2,4,33258.36319611772,Q,First,woman,True,C,Queenstown,no,True
0,1,male,53.56825747787492,0,4,32169.320814155184,C,First,man,True,A,Southampton,yes,False
1,1,female,26.080673287874383,2,3,88052.25718221032,S,Second,man,False,B,Cherbourg,no,False
1,3,male,41.00056920822875,3,0,52439.200176524195,C,First,woman,True,A,Southampton,yes,True
1,3,female,48.470416143777356,1,4,77390.26767664017,S,First,woman,False,C,Queenstown,no,True
1,2,male,23.44384206949406,0,1,57780.3826946105,S,First,woman,False,C,Queenstown,no,True
1,2,male,36.77653796825972,3,5,10705.820542424028,C,Second,man,True,C,Cherbourg,yes,True
1,2,male,26.772840691796894,0,2,22252.01688218972,C,First,woman,False,C,Cherbourg,yes,False
0,3,male,50.72725088354122,0,4,32811.97732470165,S,Second,woman,True,A,Queenstown,yes,False
1,2,male,51.99490434206026,0,2,18476.32142925232,C,Third,man,True,B,Southampton,yes,False
1,2,female,23.402291398668446,1,2,33987.82799624315,Q,Second,man,False,C,Queenstown,no,False
1,3,male,53.488173489303016,1,3,86901.19515087281,C,Third,man,True,D,Cherbourg,no,True
0,1,female,36.1601286878207,4,2,58638.364666468384,Q,First,woman,True,C,Cherbourg,no,True
1,3,male,31.600282538144405,1,3,75448.51910440918,Q,Second,woman,True,D,Cherbourg,yes,True
0,2,female,40.692868425693575,4,4,19238.88696865511,C,First,man,True,A,Southampton,yes,True
0,3,male,48.31470105871297,0,5,79143.63108065032,Q,Second,woman,True,D,Queenstown,no,True
1,3,female,65.86536370044125,0,3,97640.48488264294,S,First,woman,True,C,Queenstown,no,False
0,2,female,64.14940274252952,4,4,59988.179957942346,S,Third,woman,False,D,Cherbourg,yes,False
1,2,male,78.93411253980807,4,3,45008.349075297054,C,First,man,True,C,Southampton,no,False
1,2,male,40.1303663757721,2,4,20138.88987607681,C,Second,woman,False,B,Cherbourg,yes,True
1,3,female,71.48917496559002,3,3,84836.10065787076,S,First,man,True,B,Queenstown,yes,False
0,1,male,27.352071481499898,3,5,40727.05843637183,C,Third,man,False,C,Queenstown,no,True
1,1,male,67.20713298634733,1,0,21085.291070051317,C,Second,man,True,D,Cherbourg,no,True
1,2,female,62.644856344670295,3,2,81717.26806651113,Q,Second,woman,False,B,Cherbourg,no,False
0,3,male,51.1491797647206,3,3,32626.702585102114,S,First,man,False,A,Southampton,no,True
1,2,female,18.949419416953628,0,5,78051.40819799202,Q,First,woman,True,B,Queenstown,no,False
1,1,female,27.698216396022342,2,0,37901.587908257716,S,First,woman,False,C,Cherbourg,yes,False
0,3,male,44.888880243981205,0,5,57355.695246632524,S,Third,man,True,B,Southampton,yes,False
0,1,female,61.43000459685983,4,3,69049.50152611296,C,First,woman,False,D,Queenstown,yes,False
0,1,male,48.21827683292031,0,2,7913.302501178968,S,Third,man,False,D,Cherbourg,no,False
0,2,male,64.84809455418502,1,5,38836.78500697,C,Second,woman,True,B,Cherbourg,no,False
1,2,male,69.43423110778366,0,2,17803.921177423967,Q,Second,man,False,D,Southampton,no,False
0,1,male,29.20663791097531,0,3,23857.462209987418,Q,Second,woman,True,A,Queenstown,no,False
0,2,female,34.80805102128082,2,5,80963.71207438158,C,First,man,False,A,Southampton,no,False
0,2,female,47.45131658846188,3,1,19374.14470361885,S,Third,man,True,C,Cherbourg,yes,True
1,1,female,49.063046118710766,0,0,25724.663299008247,S,First,man,True,A,Queenstown,yes,False
1,2,male,19.80024699932321,2,3,65144.5787428525,C,Third,man,True,C,Queenstown,no,True
0,3,female,77.23673012721324,4,1,76315.34643610132,S,First,woman,False,C,Cherbourg,yes,False
0,1,female,77.60016514251964,0,2,50830.53223034199,C,First,woman,False,B,Cherbourg,no,False
0,1,male,29.89382635295346,3,2,27889.65261827552,S,Third,man,True,C,Southampton,no,False
0,3,male,43.598063802009136,2,4,79528.80774502008,C,Third,woman,False,D,Cherbourg,yes,True
0,2,female,75.31859144335121,3,2,33665.902646074035,S,First,woman,True,B,Cherbourg,no,False
0,2,female,67.79565037274995,2,1,66359.32116905184,C,First,woman,True,D,Cherbourg,yes,True
0,1,male,78.76783706960444,1,2,62829.620931377445,C,Second,woman,False,A,Cherbourg,no,True
1,2,female,66.91244526787634,1,4,94005.6562486684,C,Third,man,False,B,Cherbourg,no,True
1,3,female,54.987288175962874,2,0,32594.448062051713,S,First,woman,False,C,Southampton,yes,True
1,2,female,23.56946509814931,1,5,3636.338967600662,S,Third,man,False,B,Queenstown,no,True
1,3,male,74.91907049550389,4,3,18937.91556929598,Q,First,man,False,B,Queenstown,no,False
1,2,male,48.70581904195225,3,2,31699.135289954196,S,First,man,False,C,Queenstown,yes,False
0,1,male,25.541559779885965,1,4,64124.91252694428,Q,First,man,False,C,Queenstown,no,True
1,2,male,76.40791655557136,1,3,26722.69270710263,C,Third,woman,True,A,Cherbourg,no,False
1,2,male,42.35893116156379,3,0,48229.90508534139,C,Third,woman,False,D,Cherbourg,no,True
0,3,male,32.3223137692915,0,5,69468.0968201926,C,First,man,False,C,Southampton,yes,True
1,1,female,78.62472424074306,4,4,76196.74376025081,Q,Third,woman,True,B,Southampton,no,False
1,2,male,73.80974520745266,0,3,39936.11603111445,S,Second,man,True,A,Southampton,no,True
1,3,male,63.69458494432401,0,0,77356.74784602685,S,Third,man,True,B,Southampton,yes,True
0,1,female,77.32598611008034,4,2,22095.75126681558,S,First,woman,True,C,Southampton,no,False
1,1,male,77.53811919488804,0,1,39968.57929127251,C,First,woman,False,B,Queenstown,no,False
1,1,female,51.78128233170893,1,3,24215.953752276146,C,Second,man,False,B,Queenstown,yes,True
1,3,male,72.13843575815581,1,5,12924.0993542344,C,Third,man,False,C,Cherbourg,yes,False
0,2,male,36.713310923084045,3,3,54268.52202656382,C,First,man,True,B,Queenstown,no,False
1,2,female,22.0634302540888,4,0,97672.63122054016,S,Second,woman,False,B,Queenstown,yes,True
0,2,male,44.34227585973149,4,2,69979.36737516285,C,Second,man,True,B,Queenstown,no,True
0,3,male,49.0124245276474,2,4,96705.99932238185,Q,Third,woman,False,A,Cherbourg,yes,False
1,2,female,36.93350668797065,1,0,3872.829800435367,Q,Third,man,False,A,Queenstown,yes,True
0,1,male,62.57070024924245,4,5,97207.17281663982,S,First,woman,True,B,Cherbourg,yes,False
0,1,female,74.49710095514328,2,1,69254.81615629574,C,First,woman,False,B,Cherbourg,yes,True
0,1,female,47.52033563989032,1,1,98452.84808315018,S,Second,woman,False,A,Cherbourg,yes,False
1,3,female,57.39040735962751,4,2,38171.10429806077,Q,First,woman,False,A,Southampton,no,False
0,3,male,71.53693520490626,3,5,2102.5741248576937,S,Third,woman,True,C,Queenstown,no,True
1,2,male,25.16120143588713,0,5,84741.76155096653,C,First,woman,False,A,Queenstown,yes,True
1,2,male,20.214954219922713,4,3,82715.50950451365,C,Third,woman,False,D,Cherbourg,no,False
0,2,female,40.279509851372794,4,4,91667.20839709807,C,First,man,True,A,Queenstown,yes,True
1,1,female,70.92666877141701,1,0,92101.51578094011,Q,Third,woman,False,C,Cherbourg,no,True
0,2,female,40.881261806739175,2,1,20979.896780005125,S,Third,man,False,A,Southampton,yes,False
0,3,female,40.317692214834054,2,2,57967.777356301325,S,First,woman,True,A,Southampton,no,True
0,1,male,33.00974223241598,4,2,72630.60307848884,C,Second,man,False,D,Queenstown,no,False
1,1,male,61.17418925503883,3,2,10267.745658266444,S,First,woman,True,C,Queenstown,no,True
0,2,female,64.21309602780553,0,4,22175.195751615523,C,First,man,False,A,Cherbourg,yes,True
1,2,male,73.42286643132675,1,3,25338.467963418378,C,Second,woman,False,A,Cherbourg,no,True
0,3,female,18.60079074438996,3,3,44360.641790821144,S,Second,woman,False,B,Queenstown,yes,False
0,2,male,19.393144098301725,2,3,95911.58864739772,S,Third,woman,False,D,Cherbourg,no,True
1,3,female,56.05296878036594,0,1,93282.69873267799,C,First,man,True,B,Queenstown,no,True
0,1,female,22.703008001271936,1,5,93205.83767923883,C,Second,man,True,C,Cherbourg,no,True
0,3,male,70.94325814608865,4,4,4380.79093987595,C,Second,woman,True,D,Queenstown,yes,False
1,2,female,71.52800720749259,3,5,81206.26366263824,C,First,man,True,C,Queenstown,yes,True
1,1,female,34.71816015649021,3,5,69251.00254943599,C,Third,man,True,B,Queenstown,no,True
1,3,female,52.84373982056135,4,2,47449.373765209326,S,First,woman,False,B,Southampton,yes,True
1,3,male,76.35644700777998,1,2,56041.16097595401,Q,Second,woman,True,C,Southampton,no,True
1,2,male,61.573253334124686,2,1,54568.21360654044,C,Third,woman,False,C,Queenstown,no,False
0,2,female,34.73495235105433,0,3,60808.675661234076,Q,Third,man,False,A,Cherbourg,yes,True
1,1,female,47.45984435701844,2,0,29599.4907203066,C,Third,man,True,D,Queenstown,yes,True
0,2,female,77.9974242285015,0,5,60610.5115131041,S,First,woman,True,D,Cherbourg,no,False
1,1,female,52.07352009013151,3,0,71158.93934685989,Q,Second,man,False,C,Cherbourg,no,True
1,1,female,21.025601637550057,3,4,46520.71781299274,C,Third,woman,True,D,Southampton,yes,False
0,1,female,34.81253844458834,1,1,10720.249163846998,S,Third,woman,True,C,Cherbourg,yes,False
0,2,female,35.71441519263901,2,1,17577.765780227903,C,Third,man,True,B,Cherbourg,yes,True
0,2,male,70.56140451254268,0,1,25898.942429510502,Q,First,woman,True,B,Cherbourg,yes,True
1,3,male,69.36981144329758,2,2,39725.003992744794,C,First,man,False,D,Southampton,no,True
0,1,female,54.6749799511642,3,4,97842.8120897048,S,Second,woman,True,A,Southampton,no,False
1,3,female,41.91028310862916,4,5,2478.194520415074,C,Third,man,True,B,Southampton,no,False
0,3,male,33.897510591902915,3,5,82279.40295747237,Q,Third,man,False,B,Queenstown,yes,False
1,3,male,79.2570771948177,4,2,73503.39447029513,S,Second,woman,False,B,Southampton,no,False
0,3,female,58.550523776644596,4,3,11822.08520364661,C,Second,man,False,C,Cherbourg,no,False
0,1,female,58.24043488141566,3,3,75273.78101602964,Q,Third,man,False,D,Queenstown,no,False
0,1,female,72.48487769247615,2,5,43748.12256175424,S,Third,woman,False,A,Southampton,no,True
0,1,female,20.206472005809612,0,3,61613.80491632806,C,First,man,False,D,Southampton,no,False
0,1,female,34.49318800194873,2,0,21513.038526950375,S,First,man,True,B,Queenstown,yes,True
0,2,male,67.59752672936497,0,4,94352.49932739873,Q,Third,woman,True,B,Southampton,no,True
0,3,female,46.446056695492715,3,1,57644.10920915395,S,Third,woman,True,D,Cherbourg,no,True
0,2,female,78.97191060254485,0,4,41934.22974476629,Q,Third,man,True,C,Queenstown,no,False
0,3,male,66.0746632781692,0,0,78514.98106690585,Q,Third,man,False,B,Cherbourg,no,False
1,3,female,71.34359495460654,3,5,37787.46581918396,C,First,woman,True,A,Cherbourg,yes,True
1,3,male,37.21946235803394,2,1,94902.99220904733,Q,Second,woman,False,C,Queenstown,yes,True
1,1,female,65.96950833611777,0,4,16670.146686323806,S,First,woman,True,C,Southampton,no,False
1,1,male,64.49087263997016,1,1,80925.86882659484,S,Third,man,True,A,Queenstown,no,True
0,1,female,67.33314542073143,4,4,57721.23535024155,Q,First,man,True,B,Queenstown,yes,False
0,2,female,22.519607859772993,1,1,64984.01567200073,Q,Second,man,True,C,Queenstown,no,False
0,2,female,25.46167687052806,4,5,22315.712845443395,S,First,woman,True,C,Cherbourg,yes,True
1,1,female,62.81521177210914,2,0,95707.85107052639,C,Second,man,False,C,Cherbourg,yes,True
1,3,female,26.99737610261394,4,5,42950.6697608217,Q,Second,woman,False,C,Southampton,yes,True
0,3,female,49.36865679349124,2,0,57276.604915226155,S,Second,woman,False,B,Cherbourg,yes,False
1,3,male,27.64073184362164,4,5,12776.488651773889,S,Second,woman,False,B,Queenstown,no,True
0,1,male,21.97563879729164,0,3,66652.59635318263,C,First,man,True,B,Southampton,yes,True
0,3,female,64.95534348385442,4,1,70034.92450094881,C,First,woman,False,D,Cherbourg,yes,True
0,2,female,31.402535865451483,1,1,75196.34022536867,Q,Second,man,True,C,Queenstown,no,True
0,2,female,65.40157774782473,1,2,74789.22765125269,Q,First,man,False,C,Cherbourg,no,False
1,3,female,69.05192084792253,4,0,23427.359000543627,S,First,woman,True,C,Cherbourg,yes,False
1,1,male,70.66605190803169,1,1,13268.841839063147,Q,Second,man,True,C,Queenstown,yes,False
1,2,female,63.23721898315627,2,5,22444.82189114306,S,Second,woman,True,A,Queenstown,yes,False
1,1,male,66.86470422487955,0,5,89232.87857211307,S,Third,man,False,A,Cherbourg,no,False
1,1,female,79.94799401927881,3,4,25822.667912865472,Q,First,woman,True,C,Queenstown,no,True
1,1,male,77.60300142949623,4,4,24893.79013106551,Q,Second,woman,False,D,Cherbourg,yes,False
0,2,female,19.612390945038346,2,5,29617.79016014142,C,First,man,False,A,Southampton,no,True
1,3,male,79.8489268512073,3,0,33213.83531367271,Q,Third,woman,False,B,Queenstown,no,False
0,3,male,69.17888035542819,2,4,3042.56199423829,S,First,man,True,C,Southampton,no,True
0,2,female,34.40529814859551,3,5,39983.3873456725,Q,Second,woman,False,D,Queenstown,yes,True
1,3,male,28.314645640588232,3,3,11944.12468745419,C,Second,man,False,D,Queenstown,yes,True
1,3,male,73.76959975014722,4,2,38986.738034295646,Q,First,man,True,D,Southampton,yes,False
0,2,male,37.67069748840883,1,2,2991.6061350230334,C,Third,woman,False,D,Queenstown,no,False
0,2,male,38.8509426178004,0,3,37831.347173695096,C,First,man,False,C,Queenstown,no,False
1,1,male,46.46222314308106,3,4,80310.32810111725,S,Second,man,False,C,Queenstown,no,False
0,2,male,44.003510840882925,1,4,27825.152316050833,C,Third,man,True,A,Queenstown,yes,False
0,3,female,20.42094208080227,4,5,78777.4867288158,C,Third,woman,False,B,Queenstown,no,True
0,3,female,62.25191491652782,1,0,78104.82600168622,Q,Second,man,True,D,Cherbourg,yes,False
0,3,female,65.82440317779921,2,0,97947.65213747714,C,First,man,True,C,Queenstown,no,True
1,3,male,38.81212332456275,1,4,13780.214410240464,Q,First,man,False,B,Queenstown,no,True
1,3,male,29.87537891473664,3,2,69802.61344947667,Q,Third,man,False,A,Queenstown,yes,True
1,1,male,73.91076541969693,1,2,93945.1833614147,Q,First,man,True,D,Queenstown,no,True
0,3,female,52.43774931987054,0,3,1065.2839452152566,Q,First,woman,False,D,Cherbourg,no,True
0,3,male,50.81721642911877,2,5,14454.280371826964,Q,First,man,True,A,Queenstown,yes,True
1,2,male,65.89128989807605,3,0,64109.13093299092,C,Second,man,True,D,Queenstown,yes,True
1,2,female,61.35171340799646,2,2,90437.85056550322,Q,First,woman,False,A,Cherbourg,no,False
0,1,female,55.75227724930461,4,2,50101.24456833309,C,Third,man,True,B,Cherbourg,yes,False
1,3,male,67.38188235334033,2,1,31453.747640817804,S,First,woman,False,D,Queenstown,yes,False
1,1,male,51.06599992466696,4,1,36907.22371510723,C,Third,woman,True,A,Queenstown,no,False
1,3,female,57.371606933405154,3,5,42215.365320245655,C,Third,man,False,A,Queenstown,yes,False
0,3,female,69.23058863183948,2,2,61926.534948167544,C,First,woman,False,A,Southampton,yes,True
0,1,female,20.329164479971546,2,3,41926.54282326787,S,Third,woman,False,D,Cherbourg,yes,False
0,3,male,37.32624070800228,1,3,52460.03894694065,S,Third,man,False,D,Cherbourg,yes,False
1,1,female,38.08869641070416,4,2,32841.60995037654,Q,Second,man,True,D,Southampton,no,True
0,2,male,44.62042369553954,1,2,78736.91775000271,C,Second,woman,False,A,Cherbourg,no,True
1,1,female,68.63777451727546,3,0,50938.15932566994,S,Second,man,True,B,Cherbourg,no,False
1,1,male,69.33021197759106,0,3,82694.71382458285,S,Second,woman,False,C,Queenstown,no,False
1,1,male,47.11493120405242,4,5,3803.5844930864205,C,Second,man,True,C,Southampton,yes,False
1,3,female,22.793017104077208,1,3,95593.42704851585,S,Third,man,False,C,Cherbourg,no,False
1,1,female,22.06434969986512,4,4,73997.21896251163,S,Third,woman,False,D,Southampton,no,False
0,3,female,41.662487966409095,3,3,32769.511877746176,Q,Second,man,False,D,Queenstown,yes,False
1,1,female,35.43825220494583,0,5,81263.96373224133,Q,Second,woman,True,D,Southampton,yes,True
0,2,male,20.76252645439888,0,0,29454.677287683877,S,Second,woman,True,D,Cherbourg,yes,False
1,1,male,26.052224409508483,4,1,59194.95913950888,S,Third,man,False,B,Queenstown,no,True
0,2,female,59.62340100371518,1,5,20857.998173050288,S,Second,man,True,A,Queenstown,yes,False
0,2,male,79.88995254939172,4,3,50706.91565944663,C,First,man,False,A,Cherbourg,no,False
1,1,female,58.13298232557223,0,0,65980.50034100852,S,First,woman,True,D,Southampton,no,True
0,2,female,28.519251168812715,2,3,38015.094474276724,Q,First,man,False,C,Cherbourg,yes,True
1,3,female,34.159941456496256,4,2,78898.24450730762,S,Third,woman,True,D,Queenstown,yes,True
0,3,male,70.99252245737694,0,5,14789.483950314901,S,Third,woman,True,A,Queenstown,yes,False
0,1,male,27.35384363581492,0,5,77030.18388813548,Q,Second,woman,True,A,Queenstown,yes,True
0,1,male,26.59793657894396,0,4,21024.593668269183,C,First,woman,False,C,Cherbourg,no,True
1,3,female,29.119461384510316,0,1,63334.909148486506,S,Second,woman,True,A,Cherbourg,yes,False
1,1,female,22.792092437911464,3,0,25333.90798671328,C,Third,man,False,A,Queenstown,no,True
0,2,female,72.55494129902543,3,4,66155.94158621988,Q,Second,woman,True,D,Cherbourg,no,False
1,2,female,25.75531214883818,3,0,81757.99187968328,Q,Second,man,True,C,Southampton,yes,False
1,2,female,56.87569439319761,4,4,77754.03709102198,Q,Second,woman,False,D,Cherbourg,yes,True
1,1,male,59.27235997068681,1,1,67864.84890510433,S,First,man,False,C,Cherbourg,no,False
0,2,female,52.88054881946516,2,1,42260.46951853588,S,Third,woman,False,C,Southampton,no,False
1,3,male,73.16822147953026,1,5,61478.10917302431,C,Second,man,False,D,Cherbourg,yes,False
1,2,male,74.95058922743375,4,0,7258.2997959709855,Q,Second,woman,False,D,Southampton,yes,True
1,1,male,62.97300258509721,3,3,80779.69020846122,S,Second,woman,False,C,Southampton,no,True
1,1,male,26.203269307189643,4,3,85544.2232191769,S,First,woman,False,D,Southampton,yes,True
1,3,female,26.10755465415683,4,3,17388.059429236,S,First,man,False,D,Cherbourg,no,False
1,3,male,62.962697639028406,4,4,85889.66289203522,Q,Third,man,True,C,Queenstown,no,True
0,1,male,39.844246755114156,1,2,89058.84204012183,S,Second,man,True,B,Southampton,no,True
1,1,female,51.903421148820414,0,1,17133.05553398355,C,Third,woman,True,D,Cherbourg,yes,True
0,3,female,31.917653775525523,1,4,46599.127605969006,Q,Third,man,False,D,Southampton,no,True
0,2,female,58.21826321555112,0,4,75303.12798401836,S,First,man,False,B,Southampton,no,True
0,3,female,69.53655613175894,0,0,67241.31097067102,C,Third,woman,True,A,Cherbourg,no,True
0,3,male,27.551909947930575,0,1,5292.556939378747,Q,Second,woman,True,A,Southampton,no,True
1,1,female,22.499588200410393,4,5,30064.959027152952,Q,Second,man,False,C,Cherbourg,yes,False
1,3,female,38.39335487627285,3,5,65866.16469122251,Q,First,man,False,B,Southampton,no,False
1,1,male,57.46599386569537,0,3,6697.94110197129,Q,First,woman,True,C,Southampton,no,False
1,2,male,56.43217158383201,0,5,90837.17346650241,Q,Third,man,False,D,Southampton,yes,False
0,1,female,76.63394866668119,3,1,11069.383276698103,C,Second,woman,True,D,Queenstown,yes,False
1,1,male,22.227944097063446,1,3,17908.340371476374,C,First,man,True,D,Queenstown,no,False
1,1,female,41.61123408240074,4,1,66801.4857164895,C,First,woman,True,C,Queenstown,yes,False
0,1,male,79.76079843315753,4,3,91627.80290666195,Q,First,man,True,A,Cherbourg,yes,False
0,3,male,25.131356739369252,1,3,96411.05127346412,C,Second,man,False,D,Southampton,no,True
1,1,male,72.8353172207132,3,0,9186.340628689926,Q,Third,woman,True,B,Queenstown,yes,True
1,3,male,71.86283798084494,4,0,97591.2792317473,S,Second,woman,False,A,Southampton,yes,False
1,3,male,65.73772878869102,3,4,59061.37914117173,Q,Second,woman,True,C,Southampton,yes,False
1,1,male,37.0101661818168,4,2,9281.520849272942,Q,First,woman,False,B,Cherbourg,no,False
0,1,female,75.46365451473542,1,2,18913.796656038787,C,First,woman,False,C,Southampton,no,False
1,3,male,68.95192592755063,3,2,99600.11991929894,S,Third,man,True,A,Cherbourg,no,True
